2026-07-04T17:25:54.071Z [INFO] Database connected
2026-07-04T17:25:54.080Z [INFO] Server running on port 3000
2026-07-04T17:35:03.315Z [INFO] Database connected
2026-07-04T17:35:03.335Z [INFO] Server running on port 3000
2026-07-05T06:08:46.867Z [INFO] Database connected
2026-07-05T06:08:46.872Z [INFO] Server running on port 3000
2026-07-05T06:09:21.753Z [ERROR] getaddrinfo ENOTFOUND redis
Error: getaddrinfo ENOTFOUND redis
    at GetAddrInfoReqWrap.onlookupall [as oncomplete] (node:dns:120:26)
2026-07-05T06:09:21.757Z [WARN] Redis reconnecting
2026-07-05T06:09:24.455Z [ERROR] getaddrinfo ENOTFOUND redis
Error: getaddrinfo ENOTFOUND redis
    at GetAddrInfoReqWrap.onlookupall [as oncomplete] (node:dns:120:26)
2026-07-05T06:09:24.565Z [WARN] Redis reconnecting
2026-07-05T06:09:27.256Z [ERROR] getaddrinfo ENOTFOUND redis
Error: getaddrinfo ENOTFOUND redis
    at GetAddrInfoReqWrap.onlookupall [as oncomplete] (node:dns:120:26)
2026-07-05T06:09:27.468Z [WARN] Redis reconnecting
2026-07-05T06:09:42.664Z [INFO] Redis connected
2026-07-05T06:09:42.674Z [ERROR] ERR unknown command 'HELLO'
Error: ERR unknown command 'HELLO'
    at #decodeSimpleError (D:\Learn\01\surat_community\backend\new\node_modules\@redis\client\dist\lib\RESP\decoder.js:460:13)
    at #decodeTypeValue (D:\Learn\01\surat_community\backend\new\node_modules\@redis\client\dist\lib\RESP\decoder.js:105:91)
    at Decoder.write (D:\Learn\01\surat_community\backend\new\node_modules\@redis\client\dist\lib\RESP\decoder.js:75:38)
    at RedisSocket.<anonymous> (D:\Learn\01\surat_community\backend\new\node_modules\@redis\client\dist\lib\client\index.js:587:37)
    at RedisSocket.emit (node:events:524:28)
    at Socket.<anonymous> (D:\Learn\01\surat_community\backend\new\node_modules\@redis\client\dist\lib\client\socket.js:274:38)
    at Socket.emit (node:events:524:28)
    at addChunk (node:internal/streams/readable:561:12)
    at readableAddChunkPushByteMode (node:internal/streams/readable:512:3)
    at Readable.push (node:internal/streams/readable:392:5)
2026-07-05T06:09:42.680Z [WARN] Redis reconnecting
2026-07-05T06:09:42.683Z [INFO] Redis connected
2026-07-05T06:09:42.685Z [ERROR] ERR unknown command 'HELLO'
Error: ERR unknown command 'HELLO'
    at #decodeSimpleError (D:\Learn\01\surat_community\backend\new\node_modules\@redis\client\dist\lib\RESP\decoder.js:460:13)
    at #decodeTypeValue (D:\Learn\01\surat_community\backend\new\node_modules\@redis\client\dist\lib\RESP\decoder.js:105:91)
    at Decoder.write (D:\Learn\01\surat_community\backend\new\node_modules\@redis\client\dist\lib\RESP\decoder.js:75:38)
    at RedisSocket.<anonymous> (D:\Learn\01\surat_community\backend\new\node_modules\@redis\client\dist\lib\client\index.js:587:37)
    at RedisSocket.emit (node:events:524:28)
    at Socket.<anonymous> (D:\Learn\01\surat_community\backend\new\node_modules\@redis\client\dist\lib\client\socket.js:274:38)
    at Socket.emit (node:events:524:28)
    at addChunk (node:internal/streams/readable:561:12)
    at readableAddChunkPushByteMode (node:internal/streams/readable:512:3)
    at Readable.push (node:internal/streams/readable:392:5)
2026-07-05T06:09:42.790Z [WARN] Redis reconnecting
2026-07-05T06:09:42.792Z [INFO] Redis connected
2026-07-05T06:09:42.795Z [ERROR] ERR unknown command 'HELLO'
Error: ERR unknown command 'HELLO'
    at #decodeSimpleError (D:\Learn\01\surat_community\backend\new\node_modules\@redis\client\dist\lib\RESP\decoder.js:460:13)
    at #decodeTypeValue (D:\Learn\01\surat_community\backend\new\node_modules\@redis\client\dist\lib\RESP\decoder.js:105:91)
    at Decoder.write (D:\Learn\01\surat_community\backend\new\node_modules\@redis\client\dist\lib\RESP\decoder.js:75:38)
    at RedisSocket.<anonymous> (D:\Learn\01\surat_community\backend\new\node_modules\@redis\client\dist\lib\client\index.js:587:37)
    at RedisSocket.emit (node:events:524:28)
    at Socket.<anonymous> (D:\Learn\01\surat_community\backend\new\node_modules\@redis\client\dist\lib\client\socket.js:274:38)
    at Socket.emit (node:events:524:28)
    at addChunk (node:internal/streams/readable:561:12)
    at readableAddChunkPushByteMode (node:internal/streams/readable:512:3)
    at Readable.push (node:internal/streams/readable:392:5)
2026-07-05T06:09:42.996Z [WARN] Redis reconnecting
2026-07-05T06:09:42.998Z [INFO] Redis connected
2026-07-05T06:09:42.999Z [ERROR] ERR unknown command 'HELLO'
Error: ERR unknown command 'HELLO'
    at #decodeSimpleError (D:\Learn\01\surat_community\backend\new\node_modules\@redis\client\dist\lib\RESP\decoder.js:460:13)
    at #decodeTypeValue (D:\Learn\01\surat_community\backend\new\node_modules\@redis\client\dist\lib\RESP\decoder.js:105:91)
    at Decoder.write (D:\Learn\01\surat_community\backend\new\node_modules\@redis\client\dist\lib\RESP\decoder.js:75:38)
    at RedisSocket.<anonymous> (D:\Learn\01\surat_community\backend\new\node_modules\@redis\client\dist\lib\client\index.js:587:37)
    at RedisSocket.emit (node:events:524:28)
    at Socket.<anonymous> (D:\Learn\01\surat_community\backend\new\node_modules\@redis\client\dist\lib\client\socket.js:274:38)
    at Socket.emit (node:events:524:28)
    at addChunk (node:internal/streams/readable:561:12)
    at readableAddChunkPushByteMode (node:internal/streams/readable:512:3)
    at Readable.push (node:internal/streams/readable:392:5)
2026-07-05T06:09:43.310Z [WARN] Redis reconnecting
2026-07-05T06:09:43.312Z [INFO] Redis connected
2026-07-05T06:09:43.313Z [ERROR] ERR unknown command 'HELLO'
Error: ERR unknown command 'HELLO'
    at #decodeSimpleError (D:\Learn\01\surat_community\backend\new\node_modules\@redis\client\dist\lib\RESP\decoder.js:460:13)
    at #decodeTypeValue (D:\Learn\01\surat_community\backend\new\node_modules\@redis\client\dist\lib\RESP\decoder.js:105:91)
    at Decoder.write (D:\Learn\01\surat_community\backend\new\node_modules\@redis\client\dist\lib\RESP\decoder.js:75:38)
    at RedisSocket.<anonymous> (D:\Learn\01\surat_community\backend\new\node_modules\@redis\client\dist\lib\client\index.js:587:37)
    at RedisSocket.emit (node:events:524:28)
    at Socket.<anonymous> (D:\Learn\01\surat_community\backend\new\node_modules\@redis\client\dist\lib\client\socket.js:274:38)
    at Socket.emit (node:events:524:28)
    at addChunk (node:internal/streams/readable:561:12)
    at readableAddChunkPushByteMode (node:internal/streams/readable:512:3)
    at Readable.push (node:internal/streams/readable:392:5)
2026-07-05T06:09:43.717Z [WARN] Redis reconnecting
2026-07-05T06:09:43.719Z [INFO] Redis connected
2026-07-05T06:09:43.720Z [ERROR] ERR unknown command 'HELLO'
Error: ERR unknown command 'HELLO'
    at #decodeSimpleError (D:\Learn\01\surat_community\backend\new\node_modules\@redis\client\dist\lib\RESP\decoder.js:460:13)
    at #decodeTypeValue (D:\Learn\01\surat_community\backend\new\node_modules\@redis\client\dist\lib\RESP\decoder.js:105:91)
    at Decoder.write (D:\Learn\01\surat_community\backend\new\node_modules\@redis\client\dist\lib\RESP\decoder.js:75:38)
    at RedisSocket.<anonymous> (D:\Learn\01\surat_community\backend\new\node_modules\@redis\client\dist\lib\client\index.js:587:37)
    at RedisSocket.emit (node:events:524:28)
    at Socket.<anonymous> (D:\Learn\01\surat_community\backend\new\node_modules\@redis\client\dist\lib\client\socket.js:274:38)
    at Socket.emit (node:events:524:28)
    at addChunk (node:internal/streams/readable:561:12)
    at readableAddChunkPushByteMode (node:internal/streams/readable:512:3)
    at Readable.push (node:internal/streams/readable:392:5)
2026-07-05T06:09:44.232Z [WARN] Redis reconnecting
2026-07-05T06:09:44.234Z [INFO] Redis connected
2026-07-05T06:09:44.262Z [ERROR] ERR unknown command 'HELLO'
Error: ERR unknown command 'HELLO'
    at #decodeSimpleError (D:\Learn\01\surat_community\backend\new\node_modules\@redis\client\dist\lib\RESP\decoder.js:460:13)
    at #decodeTypeValue (D:\Learn\01\surat_community\backend\new\node_modules\@redis\client\dist\lib\RESP\decoder.js:105:91)
    at Decoder.write (D:\Learn\01\surat_community\backend\new\node_modules\@redis\client\dist\lib\RESP\decoder.js:75:38)
    at RedisSocket.<anonymous> (D:\Learn\01\surat_community\backend\new\node_modules\@redis\client\dist\lib\client\index.js:587:37)
    at RedisSocket.emit (node:events:524:28)
    at Socket.<anonymous> (D:\Learn\01\surat_community\backend\new\node_modules\@redis\client\dist\lib\client\socket.js:274:38)
    at Socket.emit (node:events:524:28)
    at addChunk (node:internal/streams/readable:561:12)
    at readableAddChunkPushByteMode (node:internal/streams/readable:512:3)
    at Readable.push (node:internal/streams/readable:392:5)
2026-07-05T06:09:44.884Z [WARN] Redis reconnecting
2026-07-05T06:09:44.889Z [INFO] Redis connected
2026-07-05T06:09:44.905Z [ERROR] ERR unknown command 'HELLO'
Error: ERR unknown command 'HELLO'
    at #decodeSimpleError (D:\Learn\01\surat_community\backend\new\node_modules\@redis\client\dist\lib\RESP\decoder.js:460:13)
    at #decodeTypeValue (D:\Learn\01\surat_community\backend\new\node_modules\@redis\client\dist\lib\RESP\decoder.js:105:91)
    at Decoder.write (D:\Learn\01\surat_community\backend\new\node_modules\@redis\client\dist\lib\RESP\decoder.js:75:38)
    at RedisSocket.<anonymous> (D:\Learn\01\surat_community\backend\new\node_modules\@redis\client\dist\lib\client\index.js:587:37)
    at RedisSocket.emit (node:events:524:28)
    at Socket.<anonymous> (D:\Learn\01\surat_community\backend\new\node_modules\@redis\client\dist\lib\client\socket.js:274:38)
    at Socket.emit (node:events:524:28)
    at addChunk (node:internal/streams/readable:561:12)
    at readableAddChunkPushByteMode (node:internal/streams/readable:512:3)
    at Readable.push (node:internal/streams/readable:392:5)
2026-07-05T06:09:45.878Z [INFO] Redis connected
2026-07-05T06:09:45.886Z [ERROR] ERR unknown command 'HELLO'
Error: ERR unknown command 'HELLO'
    at #decodeSimpleError (D:\Learn\01\surat_community\backend\new\node_modules\@redis\client\dist\lib\RESP\decoder.js:460:13)
    at #decodeTypeValue (D:\Learn\01\surat_community\backend\new\node_modules\@redis\client\dist\lib\RESP\decoder.js:105:91)
    at Decoder.write (D:\Learn\01\surat_community\backend\new\node_modules\@redis\client\dist\lib\RESP\decoder.js:75:38)
    at RedisSocket.<anonymous> (D:\Learn\01\surat_community\backend\new\node_modules\@redis\client\dist\lib\client\index.js:587:37)
    at RedisSocket.emit (node:events:524:28)
    at Socket.<anonymous> (D:\Learn\01\surat_community\backend\new\node_modules\@redis\client\dist\lib\client\socket.js:274:38)
    at Socket.emit (node:events:524:28)
    at addChunk (node:internal/streams/readable:561:12)
    at readableAddChunkPushByteMode (node:internal/streams/readable:512:3)
    at Readable.push (node:internal/streams/readable:392:5)
2026-07-05T06:09:45.888Z [WARN] Redis reconnecting
2026-07-05T06:09:45.889Z [INFO] Redis connected
2026-07-05T06:09:45.891Z [ERROR] ERR unknown command 'HELLO'
Error: ERR unknown command 'HELLO'
    at #decodeSimpleError (D:\Learn\01\surat_community\backend\new\node_modules\@redis\client\dist\lib\RESP\decoder.js:460:13)
    at #decodeTypeValue (D:\Learn\01\surat_community\backend\new\node_modules\@redis\client\dist\lib\RESP\decoder.js:105:91)
    at Decoder.write (D:\Learn\01\surat_community\backend\new\node_modules\@redis\client\dist\lib\RESP\decoder.js:75:38)
    at RedisSocket.<anonymous> (D:\Learn\01\surat_community\backend\new\node_modules\@redis\client\dist\lib\client\index.js:587:37)
    at RedisSocket.emit (node:events:524:28)
    at Socket.<anonymous> (D:\Learn\01\surat_community\backend\new\node_modules\@redis\client\dist\lib\client\socket.js:274:38)
    at Socket.emit (node:events:524:28)
    at addChunk (node:internal/streams/readable:561:12)
    at readableAddChunkPushByteMode (node:internal/streams/readable:512:3)
    at Readable.push (node:internal/streams/readable:392:5)
2026-07-05T06:09:45.993Z [WARN] Redis reconnecting
2026-07-05T06:09:45.995Z [INFO] Redis connected
2026-07-05T06:09:45.998Z [ERROR] ERR unknown command 'HELLO'
Error: ERR unknown command 'HELLO'
    at #decodeSimpleError (D:\Learn\01\surat_community\backend\new\node_modules\@redis\client\dist\lib\RESP\decoder.js:460:13)
    at #decodeTypeValue (D:\Learn\01\surat_community\backend\new\node_modules\@redis\client\dist\lib\RESP\decoder.js:105:91)
    at Decoder.write (D:\Learn\01\surat_community\backend\new\node_modules\@redis\client\dist\lib\RESP\decoder.js:75:38)
    at RedisSocket.<anonymous> (D:\Learn\01\surat_community\backend\new\node_modules\@redis\client\dist\lib\client\index.js:587:37)
    at RedisSocket.emit (node:events:524:28)
    at Socket.<anonymous> (D:\Learn\01\surat_community\backend\new\node_modules\@redis\client\dist\lib\client\socket.js:274:38)
    at Socket.emit (node:events:524:28)
    at addChunk (node:internal/streams/readable:561:12)
    at readableAddChunkPushByteMode (node:internal/streams/readable:512:3)
    at Readable.push (node:internal/streams/readable:392:5)
2026-07-05T06:09:46.210Z [WARN] Redis reconnecting
2026-07-05T06:09:46.213Z [INFO] Redis connected
2026-07-05T06:09:46.215Z [ERROR] ERR unknown command 'HELLO'
Error: ERR unknown command 'HELLO'
    at #decodeSimpleError (D:\Learn\01\surat_community\backend\new\node_modules\@redis\client\dist\lib\RESP\decoder.js:460:13)
    at #decodeTypeValue (D:\Learn\01\surat_community\backend\new\node_modules\@redis\client\dist\lib\RESP\decoder.js:105:91)
    at Decoder.write (D:\Learn\01\surat_community\backend\new\node_modules\@redis\client\dist\lib\RESP\decoder.js:75:38)
    at RedisSocket.<anonymous> (D:\Learn\01\surat_community\backend\new\node_modules\@redis\client\dist\lib\client\index.js:587:37)
    at RedisSocket.emit (node:events:524:28)
    at Socket.<anonymous> (D:\Learn\01\surat_community\backend\new\node_modules\@redis\client\dist\lib\client\socket.js:274:38)
    at Socket.emit (node:events:524:28)
    at addChunk (node:internal/streams/readable:561:12)
    at readableAddChunkPushByteMode (node:internal/streams/readable:512:3)
    at Readable.push (node:internal/streams/readable:392:5)
2026-07-05T06:09:46.520Z [WARN] Redis reconnecting
2026-07-05T06:09:46.522Z [INFO] Redis connected
2026-07-05T06:09:46.524Z [ERROR] ERR unknown command 'HELLO'
Error: ERR unknown command 'HELLO'
    at #decodeSimpleError (D:\Learn\01\surat_community\backend\new\node_modules\@redis\client\dist\lib\RESP\decoder.js:460:13)
    at #decodeTypeValue (D:\Learn\01\surat_community\backend\new\node_modules\@redis\client\dist\lib\RESP\decoder.js:105:91)
    at Decoder.write (D:\Learn\01\surat_community\backend\new\node_modules\@redis\client\dist\lib\RESP\decoder.js:75:38)
    at RedisSocket.<anonymous> (D:\Learn\01\surat_community\backend\new\node_modules\@redis\client\dist\lib\client\index.js:587:37)
    at RedisSocket.emit (node:events:524:28)
    at Socket.<anonymous> (D:\Learn\01\surat_community\backend\new\node_modules\@redis\client\dist\lib\client\socket.js:274:38)
    at Socket.emit (node:events:524:28)
    at addChunk (node:internal/streams/readable:561:12)
    at readableAddChunkPushByteMode (node:internal/streams/readable:512:3)
    at Readable.push (node:internal/streams/readable:392:5)
2026-07-05T06:09:46.928Z [WARN] Redis reconnecting
2026-07-05T06:09:46.930Z [INFO] Redis connected
2026-07-05T06:09:46.932Z [ERROR] ERR unknown command 'HELLO'
Error: ERR unknown command 'HELLO'
    at #decodeSimpleError (D:\Learn\01\surat_community\backend\new\node_modules\@redis\client\dist\lib\RESP\decoder.js:460:13)
    at #decodeTypeValue (D:\Learn\01\surat_community\backend\new\node_modules\@redis\client\dist\lib\RESP\decoder.js:105:91)
    at Decoder.write (D:\Learn\01\surat_community\backend\new\node_modules\@redis\client\dist\lib\RESP\decoder.js:75:38)
    at RedisSocket.<anonymous> (D:\Learn\01\surat_community\backend\new\node_modules\@redis\client\dist\lib\client\index.js:587:37)
    at RedisSocket.emit (node:events:524:28)
    at Socket.<anonymous> (D:\Learn\01\surat_community\backend\new\node_modules\@redis\client\dist\lib\client\socket.js:274:38)
    at Socket.emit (node:events:524:28)
    at addChunk (node:internal/streams/readable:561:12)
    at readableAddChunkPushByteMode (node:internal/streams/readable:512:3)
    at Readable.push (node:internal/streams/readable:392:5)
2026-07-05T06:09:47.441Z [WARN] Redis reconnecting
2026-07-05T06:09:47.443Z [INFO] Redis connected
2026-07-05T06:09:47.445Z [ERROR] ERR unknown command 'HELLO'
Error: ERR unknown command 'HELLO'
    at #decodeSimpleError (D:\Learn\01\surat_community\backend\new\node_modules\@redis\client\dist\lib\RESP\decoder.js:460:13)
    at #decodeTypeValue (D:\Learn\01\surat_community\backend\new\node_modules\@redis\client\dist\lib\RESP\decoder.js:105:91)
    at Decoder.write (D:\Learn\01\surat_community\backend\new\node_modules\@redis\client\dist\lib\RESP\decoder.js:75:38)
    at RedisSocket.<anonymous> (D:\Learn\01\surat_community\backend\new\node_modules\@redis\client\dist\lib\client\index.js:587:37)
    at RedisSocket.emit (node:events:524:28)
    at Socket.<anonymous> (D:\Learn\01\surat_community\backend\new\node_modules\@redis\client\dist\lib\client\socket.js:274:38)
    at Socket.emit (node:events:524:28)
    at addChunk (node:internal/streams/readable:561:12)
    at readableAddChunkPushByteMode (node:internal/streams/readable:512:3)
    at Readable.push (node:internal/streams/readable:392:5)
2026-07-05T06:09:48.047Z [WARN] Redis reconnecting
2026-07-05T06:09:48.049Z [INFO] Redis connected
2026-07-05T06:09:48.051Z [ERROR] ERR unknown command 'HELLO'
Error: ERR unknown command 'HELLO'
    at #decodeSimpleError (D:\Learn\01\surat_community\backend\new\node_modules\@redis\client\dist\lib\RESP\decoder.js:460:13)
    at #decodeTypeValue (D:\Learn\01\surat_community\backend\new\node_modules\@redis\client\dist\lib\RESP\decoder.js:105:91)
    at Decoder.write (D:\Learn\01\surat_community\backend\new\node_modules\@redis\client\dist\lib\RESP\decoder.js:75:38)
    at RedisSocket.<anonymous> (D:\Learn\01\surat_community\backend\new\node_modules\@redis\client\dist\lib\client\index.js:587:37)
    at RedisSocket.emit (node:events:524:28)
    at Socket.<anonymous> (D:\Learn\01\surat_community\backend\new\node_modules\@redis\client\dist\lib\client\socket.js:274:38)
    at Socket.emit (node:events:524:28)
    at addChunk (node:internal/streams/readable:561:12)
    at readableAddChunkPushByteMode (node:internal/streams/readable:512:3)
    at Readable.push (node:internal/streams/readable:392:5)
2026-07-05T06:09:48.767Z [WARN] Redis reconnecting
2026-07-05T06:09:48.770Z [INFO] Redis connected
2026-07-05T06:09:48.772Z [ERROR] ERR unknown command 'HELLO'
Error: ERR unknown command 'HELLO'
    at #decodeSimpleError (D:\Learn\01\surat_community\backend\new\node_modules\@redis\client\dist\lib\RESP\decoder.js:460:13)
    at #decodeTypeValue (D:\Learn\01\surat_community\backend\new\node_modules\@redis\client\dist\lib\RESP\decoder.js:105:91)
    at Decoder.write (D:\Learn\01\surat_community\backend\new\node_modules\@redis\client\dist\lib\RESP\decoder.js:75:38)
    at RedisSocket.<anonymous> (D:\Learn\01\surat_community\backend\new\node_modules\@redis\client\dist\lib\client\index.js:587:37)
    at RedisSocket.emit (node:events:524:28)
    at Socket.<anonymous> (D:\Learn\01\surat_community\backend\new\node_modules\@redis\client\dist\lib\client\socket.js:274:38)
    at Socket.emit (node:events:524:28)
    at addChunk (node:internal/streams/readable:561:12)
    at readableAddChunkPushByteMode (node:internal/streams/readable:512:3)
    at Readable.push (node:internal/streams/readable:392:5)
2026-07-05T06:09:49.577Z [WARN] Redis reconnecting
2026-07-05T06:09:49.579Z [INFO] Redis connected
2026-07-05T06:09:49.581Z [ERROR] ERR unknown command 'HELLO'
Error: ERR unknown command 'HELLO'
    at #decodeSimpleError (D:\Learn\01\surat_community\backend\new\node_modules\@redis\client\dist\lib\RESP\decoder.js:460:13)
    at #decodeTypeValue (D:\Learn\01\surat_community\backend\new\node_modules\@redis\client\dist\lib\RESP\decoder.js:105:91)
    at Decoder.write (D:\Learn\01\surat_community\backend\new\node_modules\@redis\client\dist\lib\RESP\decoder.js:75:38)
    at RedisSocket.<anonymous> (D:\Learn\01\surat_community\backend\new\node_modules\@redis\client\dist\lib\client\index.js:587:37)
    at RedisSocket.emit (node:events:524:28)
    at Socket.<anonymous> (D:\Learn\01\surat_community\backend\new\node_modules\@redis\client\dist\lib\client\socket.js:274:38)
    at Socket.emit (node:events:524:28)
    at addChunk (node:internal/streams/readable:561:12)
    at readableAddChunkPushByteMode (node:internal/streams/readable:512:3)
    at Readable.push (node:internal/streams/readable:392:5)
2026-07-05T06:09:50.483Z [WARN] Redis reconnecting
2026-07-05T06:09:50.487Z [INFO] Redis connected
2026-07-05T06:09:50.489Z [ERROR] ERR unknown command 'HELLO'
Error: ERR unknown command 'HELLO'
    at #decodeSimpleError (D:\Learn\01\surat_community\backend\new\node_modules\@redis\client\dist\lib\RESP\decoder.js:460:13)
    at #decodeTypeValue (D:\Learn\01\surat_community\backend\new\node_modules\@redis\client\dist\lib\RESP\decoder.js:105:91)
    at Decoder.write (D:\Learn\01\surat_community\backend\new\node_modules\@redis\client\dist\lib\RESP\decoder.js:75:38)
    at RedisSocket.<anonymous> (D:\Learn\01\surat_community\backend\new\node_modules\@redis\client\dist\lib\client\index.js:587:37)
    at RedisSocket.emit (node:events:524:28)
    at Socket.<anonymous> (D:\Learn\01\surat_community\backend\new\node_modules\@redis\client\dist\lib\client\socket.js:274:38)
    at Socket.emit (node:events:524:28)
    at addChunk (node:internal/streams/readable:561:12)
    at readableAddChunkPushByteMode (node:internal/streams/readable:512:3)
    at Readable.push (node:internal/streams/readable:392:5)
2026-07-05T06:09:51.498Z [WARN] Redis reconnecting
2026-07-05T06:09:51.501Z [INFO] Redis connected
2026-07-05T06:09:51.504Z [ERROR] ERR unknown command 'HELLO'
Error: ERR unknown command 'HELLO'
    at #decodeSimpleError (D:\Learn\01\surat_community\backend\new\node_modules\@redis\client\dist\lib\RESP\decoder.js:460:13)
    at #decodeTypeValue (D:\Learn\01\surat_community\backend\new\node_modules\@redis\client\dist\lib\RESP\decoder.js:105:91)
    at Decoder.write (D:\Learn\01\surat_community\backend\new\node_modules\@redis\client\dist\lib\RESP\decoder.js:75:38)
    at RedisSocket.<anonymous> (D:\Learn\01\surat_community\backend\new\node_modules\@redis\client\dist\lib\client\index.js:587:37)
    at RedisSocket.emit (node:events:524:28)
    at Socket.<anonymous> (D:\Learn\01\surat_community\backend\new\node_modules\@redis\client\dist\lib\client\socket.js:274:38)
    at Socket.emit (node:events:524:28)
    at addChunk (node:internal/streams/readable:561:12)
    at readableAddChunkPushByteMode (node:internal/streams/readable:512:3)
    at Readable.push (node:internal/streams/readable:392:5)
2026-07-05T06:09:52.605Z [WARN] Redis reconnecting
2026-07-05T06:09:52.608Z [INFO] Redis connected
2026-07-05T06:09:52.610Z [ERROR] ERR unknown command 'HELLO'
Error: ERR unknown command 'HELLO'
    at #decodeSimpleError (D:\Learn\01\surat_community\backend\new\node_modules\@redis\client\dist\lib\RESP\decoder.js:460:13)
    at #decodeTypeValue (D:\Learn\01\surat_community\backend\new\node_modules\@redis\client\dist\lib\RESP\decoder.js:105:91)
    at Decoder.write (D:\Learn\01\surat_community\backend\new\node_modules\@redis\client\dist\lib\RESP\decoder.js:75:38)
    at RedisSocket.<anonymous> (D:\Learn\01\surat_community\backend\new\node_modules\@redis\client\dist\lib\client\index.js:587:37)
    at RedisSocket.emit (node:events:524:28)
    at Socket.<anonymous> (D:\Learn\01\surat_community\backend\new\node_modules\@redis\client\dist\lib\client\socket.js:274:38)
    at Socket.emit (node:events:524:28)
    at addChunk (node:internal/streams/readable:561:12)
    at readableAddChunkPushByteMode (node:internal/streams/readable:512:3)
    at Readable.push (node:internal/streams/readable:392:5)
2026-07-05T06:09:53.819Z [WARN] Redis reconnecting
2026-07-05T06:09:53.821Z [INFO] Redis connected
2026-07-05T06:09:53.824Z [ERROR] ERR unknown command 'HELLO'
Error: ERR unknown command 'HELLO'
    at #decodeSimpleError (D:\Learn\01\surat_community\backend\new\node_modules\@redis\client\dist\lib\RESP\decoder.js:460:13)
    at #decodeTypeValue (D:\Learn\01\surat_community\backend\new\node_modules\@redis\client\dist\lib\RESP\decoder.js:105:91)
    at Decoder.write (D:\Learn\01\surat_community\backend\new\node_modules\@redis\client\dist\lib\RESP\decoder.js:75:38)
    at RedisSocket.<anonymous> (D:\Learn\01\surat_community\backend\new\node_modules\@redis\client\dist\lib\client\index.js:587:37)
    at RedisSocket.emit (node:events:524:28)
    at Socket.<anonymous> (D:\Learn\01\surat_community\backend\new\node_modules\@redis\client\dist\lib\client\socket.js:274:38)
    at Socket.emit (node:events:524:28)
    at addChunk (node:internal/streams/readable:561:12)
    at readableAddChunkPushByteMode (node:internal/streams/readable:512:3)
    at Readable.push (node:internal/streams/readable:392:5)
2026-07-05T06:09:55.126Z [WARN] Redis reconnecting
2026-07-05T06:09:55.131Z [INFO] Redis connected
2026-07-05T06:09:55.135Z [ERROR] ERR unknown command 'HELLO'
Error: ERR unknown command 'HELLO'
    at #decodeSimpleError (D:\Learn\01\surat_community\backend\new\node_modules\@redis\client\dist\lib\RESP\decoder.js:460:13)
    at #decodeTypeValue (D:\Learn\01\surat_community\backend\new\node_modules\@redis\client\dist\lib\RESP\decoder.js:105:91)
    at Decoder.write (D:\Learn\01\surat_community\backend\new\node_modules\@redis\client\dist\lib\RESP\decoder.js:75:38)
    at RedisSocket.<anonymous> (D:\Learn\01\surat_community\backend\new\node_modules\@redis\client\dist\lib\client\index.js:587:37)
    at RedisSocket.emit (node:events:524:28)
    at Socket.<anonymous> (D:\Learn\01\surat_community\backend\new\node_modules\@redis\client\dist\lib\client\socket.js:274:38)
    at Socket.emit (node:events:524:28)
    at addChunk (node:internal/streams/readable:561:12)
    at readableAddChunkPushByteMode (node:internal/streams/readable:512:3)
    at Readable.push (node:internal/streams/readable:392:5)
2026-07-05T06:09:56.536Z [WARN] Redis reconnecting
2026-07-05T06:09:56.538Z [INFO] Redis connected
2026-07-05T06:09:56.540Z [ERROR] ERR unknown command 'HELLO'
Error: ERR unknown command 'HELLO'
    at #decodeSimpleError (D:\Learn\01\surat_community\backend\new\node_modules\@redis\client\dist\lib\RESP\decoder.js:460:13)
    at #decodeTypeValue (D:\Learn\01\surat_community\backend\new\node_modules\@redis\client\dist\lib\RESP\decoder.js:105:91)
    at Decoder.write (D:\Learn\01\surat_community\backend\new\node_modules\@redis\client\dist\lib\RESP\decoder.js:75:38)
    at RedisSocket.<anonymous> (D:\Learn\01\surat_community\backend\new\node_modules\@redis\client\dist\lib\client\index.js:587:37)
    at RedisSocket.emit (node:events:524:28)
    at Socket.<anonymous> (D:\Learn\01\surat_community\backend\new\node_modules\@redis\client\dist\lib\client\socket.js:274:38)
    at Socket.emit (node:events:524:28)
    at addChunk (node:internal/streams/readable:561:12)
    at readableAddChunkPushByteMode (node:internal/streams/readable:512:3)
    at Readable.push (node:internal/streams/readable:392:5)
2026-07-05T06:09:58.047Z [WARN] Redis reconnecting
2026-07-05T06:09:58.050Z [INFO] Redis connected
2026-07-05T06:09:58.052Z [ERROR] ERR unknown command 'HELLO'
Error: ERR unknown command 'HELLO'
    at #decodeSimpleError (D:\Learn\01\surat_community\backend\new\node_modules\@redis\client\dist\lib\RESP\decoder.js:460:13)
    at #decodeTypeValue (D:\Learn\01\surat_community\backend\new\node_modules\@redis\client\dist\lib\RESP\decoder.js:105:91)
    at Decoder.write (D:\Learn\01\surat_community\backend\new\node_modules\@redis\client\dist\lib\RESP\decoder.js:75:38)
    at RedisSocket.<anonymous> (D:\Learn\01\surat_community\backend\new\node_modules\@redis\client\dist\lib\client\index.js:587:37)
    at RedisSocket.emit (node:events:524:28)
    at Socket.<anonymous> (D:\Learn\01\surat_community\backend\new\node_modules\@redis\client\dist\lib\client\socket.js:274:38)
    at Socket.emit (node:events:524:28)
    at addChunk (node:internal/streams/readable:561:12)
    at readableAddChunkPushByteMode (node:internal/streams/readable:512:3)
    at Readable.push (node:internal/streams/readable:392:5)
2026-07-05T06:09:59.667Z [WARN] Redis reconnecting
2026-07-05T06:09:59.669Z [INFO] Redis connected
2026-07-05T06:09:59.671Z [ERROR] ERR unknown command 'HELLO'
Error: ERR unknown command 'HELLO'
    at #decodeSimpleError (D:\Learn\01\surat_community\backend\new\node_modules\@redis\client\dist\lib\RESP\decoder.js:460:13)
    at #decodeTypeValue (D:\Learn\01\surat_community\backend\new\node_modules\@redis\client\dist\lib\RESP\decoder.js:105:91)
    at Decoder.write (D:\Learn\01\surat_community\backend\new\node_modules\@redis\client\dist\lib\RESP\decoder.js:75:38)
    at RedisSocket.<anonymous> (D:\Learn\01\surat_community\backend\new\node_modules\@redis\client\dist\lib\client\index.js:587:37)
    at RedisSocket.emit (node:events:524:28)
    at Socket.<anonymous> (D:\Learn\01\surat_community\backend\new\node_modules\@redis\client\dist\lib\client\socket.js:274:38)
    at Socket.emit (node:events:524:28)
    at addChunk (node:internal/streams/readable:561:12)
    at readableAddChunkPushByteMode (node:internal/streams/readable:512:3)
    at Readable.push (node:internal/streams/readable:392:5)
2026-07-05T06:10:01.376Z [WARN] Redis reconnecting
2026-07-05T06:10:01.379Z [INFO] Redis connected
2026-07-05T06:10:01.381Z [ERROR] ERR unknown command 'HELLO'
Error: ERR unknown command 'HELLO'
    at #decodeSimpleError (D:\Learn\01\surat_community\backend\new\node_modules\@redis\client\dist\lib\RESP\decoder.js:460:13)
    at #decodeTypeValue (D:\Learn\01\surat_community\backend\new\node_modules\@redis\client\dist\lib\RESP\decoder.js:105:91)
    at Decoder.write (D:\Learn\01\surat_community\backend\new\node_modules\@redis\client\dist\lib\RESP\decoder.js:75:38)
    at RedisSocket.<anonymous> (D:\Learn\01\surat_community\backend\new\node_modules\@redis\client\dist\lib\client\index.js:587:37)
    at RedisSocket.emit (node:events:524:28)
    at Socket.<anonymous> (D:\Learn\01\surat_community\backend\new\node_modules\@redis\client\dist\lib\client\socket.js:274:38)
    at Socket.emit (node:events:524:28)
    at addChunk (node:internal/streams/readable:561:12)
    at readableAddChunkPushByteMode (node:internal/streams/readable:512:3)
    at Readable.push (node:internal/streams/readable:392:5)
2026-07-05T06:10:03.186Z [WARN] Redis reconnecting
2026-07-05T06:10:03.189Z [INFO] Redis connected
2026-07-05T06:10:03.191Z [ERROR] ERR unknown command 'HELLO'
Error: ERR unknown command 'HELLO'
    at #decodeSimpleError (D:\Learn\01\surat_community\backend\new\node_modules\@redis\client\dist\lib\RESP\decoder.js:460:13)
    at #decodeTypeValue (D:\Learn\01\surat_community\backend\new\node_modules\@redis\client\dist\lib\RESP\decoder.js:105:91)
    at Decoder.write (D:\Learn\01\surat_community\backend\new\node_modules\@redis\client\dist\lib\RESP\decoder.js:75:38)
    at RedisSocket.<anonymous> (D:\Learn\01\surat_community\backend\new\node_modules\@redis\client\dist\lib\client\index.js:587:37)
    at RedisSocket.emit (node:events:524:28)
    at Socket.<anonymous> (D:\Learn\01\surat_community\backend\new\node_modules\@redis\client\dist\lib\client\socket.js:274:38)
    at Socket.emit (node:events:524:28)
    at addChunk (node:internal/streams/readable:561:12)
    at readableAddChunkPushByteMode (node:internal/streams/readable:512:3)
    at Readable.push (node:internal/streams/readable:392:5)
2026-07-05T06:10:05.097Z [WARN] Redis reconnecting
2026-07-05T06:10:05.100Z [INFO] Redis connected
2026-07-05T06:10:05.102Z [ERROR] ERR unknown command 'HELLO'
Error: ERR unknown command 'HELLO'
    at #decodeSimpleError (D:\Learn\01\surat_community\backend\new\node_modules\@redis\client\dist\lib\RESP\decoder.js:460:13)
    at #decodeTypeValue (D:\Learn\01\surat_community\backend\new\node_modules\@redis\client\dist\lib\RESP\decoder.js:105:91)
    at Decoder.write (D:\Learn\01\surat_community\backend\new\node_modules\@redis\client\dist\lib\RESP\decoder.js:75:38)
    at RedisSocket.<anonymous> (D:\Learn\01\surat_community\backend\new\node_modules\@redis\client\dist\lib\client\index.js:587:37)
    at RedisSocket.emit (node:events:524:28)
    at Socket.<anonymous> (D:\Learn\01\surat_community\backend\new\node_modules\@redis\client\dist\lib\client\socket.js:274:38)
    at Socket.emit (node:events:524:28)
    at addChunk (node:internal/streams/readable:561:12)
    at readableAddChunkPushByteMode (node:internal/streams/readable:512:3)
    at Readable.push (node:internal/streams/readable:392:5)
2026-07-05T06:10:07.110Z [WARN] Redis reconnecting
2026-07-05T06:10:07.113Z [INFO] Redis connected
2026-07-05T06:10:07.115Z [ERROR] ERR unknown command 'HELLO'
Error: ERR unknown command 'HELLO'
    at #decodeSimpleError (D:\Learn\01\surat_community\backend\new\node_modules\@redis\client\dist\lib\RESP\decoder.js:460:13)
    at #decodeTypeValue (D:\Learn\01\surat_community\backend\new\node_modules\@redis\client\dist\lib\RESP\decoder.js:105:91)
    at Decoder.write (D:\Learn\01\surat_community\backend\new\node_modules\@redis\client\dist\lib\RESP\decoder.js:75:38)
    at RedisSocket.<anonymous> (D:\Learn\01\surat_community\backend\new\node_modules\@redis\client\dist\lib\client\index.js:587:37)
    at RedisSocket.emit (node:events:524:28)
    at Socket.<anonymous> (D:\Learn\01\surat_community\backend\new\node_modules\@redis\client\dist\lib\client\socket.js:274:38)
    at Socket.emit (node:events:524:28)
    at addChunk (node:internal/streams/readable:561:12)
    at readableAddChunkPushByteMode (node:internal/streams/readable:512:3)
    at Readable.push (node:internal/streams/readable:392:5)
2026-07-05T06:10:09.220Z [WARN] Redis reconnecting
2026-07-05T06:10:09.224Z [INFO] Redis connected
2026-07-05T06:10:09.228Z [ERROR] ERR unknown command 'HELLO'
Error: ERR unknown command 'HELLO'
    at #decodeSimpleError (D:\Learn\01\surat_community\backend\new\node_modules\@redis\client\dist\lib\RESP\decoder.js:460:13)
    at #decodeTypeValue (D:\Learn\01\surat_community\backend\new\node_modules\@redis\client\dist\lib\RESP\decoder.js:105:91)
    at Decoder.write (D:\Learn\01\surat_community\backend\new\node_modules\@redis\client\dist\lib\RESP\decoder.js:75:38)
    at RedisSocket.<anonymous> (D:\Learn\01\surat_community\backend\new\node_modules\@redis\client\dist\lib\client\index.js:587:37)
    at RedisSocket.emit (node:events:524:28)
    at Socket.<anonymous> (D:\Learn\01\surat_community\backend\new\node_modules\@redis\client\dist\lib\client\socket.js:274:38)
    at Socket.emit (node:events:524:28)
    at addChunk (node:internal/streams/readable:561:12)
    at readableAddChunkPushByteMode (node:internal/streams/readable:512:3)
    at Readable.push (node:internal/streams/readable:392:5)
2026-07-05T06:10:11.430Z [WARN] Redis reconnecting
2026-07-05T06:10:11.433Z [INFO] Redis connected
2026-07-05T06:10:11.435Z [ERROR] ERR unknown command 'HELLO'
Error: ERR unknown command 'HELLO'
    at #decodeSimpleError (D:\Learn\01\surat_community\backend\new\node_modules\@redis\client\dist\lib\RESP\decoder.js:460:13)
    at #decodeTypeValue (D:\Learn\01\surat_community\backend\new\node_modules\@redis\client\dist\lib\RESP\decoder.js:105:91)
    at Decoder.write (D:\Learn\01\surat_community\backend\new\node_modules\@redis\client\dist\lib\RESP\decoder.js:75:38)
    at RedisSocket.<anonymous> (D:\Learn\01\surat_community\backend\new\node_modules\@redis\client\dist\lib\client\index.js:587:37)
    at RedisSocket.emit (node:events:524:28)
    at Socket.<anonymous> (D:\Learn\01\surat_community\backend\new\node_modules\@redis\client\dist\lib\client\socket.js:274:38)
    at Socket.emit (node:events:524:28)
    at addChunk (node:internal/streams/readable:561:12)
    at readableAddChunkPushByteMode (node:internal/streams/readable:512:3)
    at Readable.push (node:internal/streams/readable:392:5)
2026-07-05T06:10:13.737Z [WARN] Redis reconnecting
2026-07-05T06:10:13.740Z [INFO] Redis connected
2026-07-05T06:10:13.743Z [ERROR] ERR unknown command 'HELLO'
Error: ERR unknown command 'HELLO'
    at #decodeSimpleError (D:\Learn\01\surat_community\backend\new\node_modules\@redis\client\dist\lib\RESP\decoder.js:460:13)
    at #decodeTypeValue (D:\Learn\01\surat_community\backend\new\node_modules\@redis\client\dist\lib\RESP\decoder.js:105:91)
    at Decoder.write (D:\Learn\01\surat_community\backend\new\node_modules\@redis\client\dist\lib\RESP\decoder.js:75:38)
    at RedisSocket.<anonymous> (D:\Learn\01\surat_community\backend\new\node_modules\@redis\client\dist\lib\client\index.js:587:37)
    at RedisSocket.emit (node:events:524:28)
    at Socket.<anonymous> (D:\Learn\01\surat_community\backend\new\node_modules\@redis\client\dist\lib\client\socket.js:274:38)
    at Socket.emit (node:events:524:28)
    at addChunk (node:internal/streams/readable:561:12)
    at readableAddChunkPushByteMode (node:internal/streams/readable:512:3)
    at Readable.push (node:internal/streams/readable:392:5)
2026-07-05T06:10:16.152Z [WARN] Redis reconnecting
2026-07-05T06:10:16.155Z [INFO] Redis connected
2026-07-05T06:10:16.157Z [ERROR] ERR unknown command 'HELLO'
Error: ERR unknown command 'HELLO'
    at #decodeSimpleError (D:\Learn\01\surat_community\backend\new\node_modules\@redis\client\dist\lib\RESP\decoder.js:460:13)
    at #decodeTypeValue (D:\Learn\01\surat_community\backend\new\node_modules\@redis\client\dist\lib\RESP\decoder.js:105:91)
    at Decoder.write (D:\Learn\01\surat_community\backend\new\node_modules\@redis\client\dist\lib\RESP\decoder.js:75:38)
    at RedisSocket.<anonymous> (D:\Learn\01\surat_community\backend\new\node_modules\@redis\client\dist\lib\client\index.js:587:37)
    at RedisSocket.emit (node:events:524:28)
    at Socket.<anonymous> (D:\Learn\01\surat_community\backend\new\node_modules\@redis\client\dist\lib\client\socket.js:274:38)
    at Socket.emit (node:events:524:28)
    at addChunk (node:internal/streams/readable:561:12)
    at readableAddChunkPushByteMode (node:internal/streams/readable:512:3)
    at Readable.push (node:internal/streams/readable:392:5)
2026-07-05T06:10:18.657Z [WARN] Redis reconnecting
2026-07-05T06:10:18.659Z [INFO] Redis connected
2026-07-05T06:10:18.661Z [ERROR] ERR unknown command 'HELLO'
Error: ERR unknown command 'HELLO'
    at #decodeSimpleError (D:\Learn\01\surat_community\backend\new\node_modules\@redis\client\dist\lib\RESP\decoder.js:460:13)
    at #decodeTypeValue (D:\Learn\01\surat_community\backend\new\node_modules\@redis\client\dist\lib\RESP\decoder.js:105:91)
    at Decoder.write (D:\Learn\01\surat_community\backend\new\node_modules\@redis\client\dist\lib\RESP\decoder.js:75:38)
    at RedisSocket.<anonymous> (D:\Learn\01\surat_community\backend\new\node_modules\@redis\client\dist\lib\client\index.js:587:37)
    at RedisSocket.emit (node:events:524:28)
    at Socket.<anonymous> (D:\Learn\01\surat_community\backend\new\node_modules\@redis\client\dist\lib\client\socket.js:274:38)
    at Socket.emit (node:events:524:28)
    at addChunk (node:internal/streams/readable:561:12)
    at readableAddChunkPushByteMode (node:internal/streams/readable:512:3)
    at Readable.push (node:internal/streams/readable:392:5)
2026-07-05T06:10:21.269Z [WARN] Redis reconnecting
2026-07-05T06:10:21.272Z [INFO] Redis connected
2026-07-05T06:10:21.275Z [ERROR] ERR unknown command 'HELLO'
Error: ERR unknown command 'HELLO'
    at #decodeSimpleError (D:\Learn\01\surat_community\backend\new\node_modules\@redis\client\dist\lib\RESP\decoder.js:460:13)
    at #decodeTypeValue (D:\Learn\01\surat_community\backend\new\node_modules\@redis\client\dist\lib\RESP\decoder.js:105:91)
    at Decoder.write (D:\Learn\01\surat_community\backend\new\node_modules\@redis\client\dist\lib\RESP\decoder.js:75:38)
    at RedisSocket.<anonymous> (D:\Learn\01\surat_community\backend\new\node_modules\@redis\client\dist\lib\client\index.js:587:37)
    at RedisSocket.emit (node:events:524:28)
    at Socket.<anonymous> (D:\Learn\01\surat_community\backend\new\node_modules\@redis\client\dist\lib\client\socket.js:274:38)
    at Socket.emit (node:events:524:28)
    at addChunk (node:internal/streams/readable:561:12)
    at readableAddChunkPushByteMode (node:internal/streams/readable:512:3)
    at Readable.push (node:internal/streams/readable:392:5)
2026-07-05T06:10:23.978Z [WARN] Redis reconnecting
2026-07-05T06:10:23.981Z [INFO] Redis connected
2026-07-05T06:10:23.984Z [ERROR] ERR unknown command 'HELLO'
Error: ERR unknown command 'HELLO'
    at #decodeSimpleError (D:\Learn\01\surat_community\backend\new\node_modules\@redis\client\dist\lib\RESP\decoder.js:460:13)
    at #decodeTypeValue (D:\Learn\01\surat_community\backend\new\node_modules\@redis\client\dist\lib\RESP\decoder.js:105:91)
    at Decoder.write (D:\Learn\01\surat_community\backend\new\node_modules\@redis\client\dist\lib\RESP\decoder.js:75:38)
    at RedisSocket.<anonymous> (D:\Learn\01\surat_community\backend\new\node_modules\@redis\client\dist\lib\client\index.js:587:37)
    at RedisSocket.emit (node:events:524:28)
    at Socket.<anonymous> (D:\Learn\01\surat_community\backend\new\node_modules\@redis\client\dist\lib\client\socket.js:274:38)
    at Socket.emit (node:events:524:28)
    at addChunk (node:internal/streams/readable:561:12)
    at readableAddChunkPushByteMode (node:internal/streams/readable:512:3)
    at Readable.push (node:internal/streams/readable:392:5)
2026-07-05T06:10:26.785Z [WARN] Redis reconnecting
2026-07-05T06:10:26.788Z [INFO] Redis connected
2026-07-05T06:10:26.790Z [ERROR] ERR unknown command 'HELLO'
Error: ERR unknown command 'HELLO'
    at #decodeSimpleError (D:\Learn\01\surat_community\backend\new\node_modules\@redis\client\dist\lib\RESP\decoder.js:460:13)
    at #decodeTypeValue (D:\Learn\01\surat_community\backend\new\node_modules\@redis\client\dist\lib\RESP\decoder.js:105:91)
    at Decoder.write (D:\Learn\01\surat_community\backend\new\node_modules\@redis\client\dist\lib\RESP\decoder.js:75:38)
    at RedisSocket.<anonymous> (D:\Learn\01\surat_community\backend\new\node_modules\@redis\client\dist\lib\client\index.js:587:37)
    at RedisSocket.emit (node:events:524:28)
    at Socket.<anonymous> (D:\Learn\01\surat_community\backend\new\node_modules\@redis\client\dist\lib\client\socket.js:274:38)
    at Socket.emit (node:events:524:28)
    at addChunk (node:internal/streams/readable:561:12)
    at readableAddChunkPushByteMode (node:internal/streams/readable:512:3)
    at Readable.push (node:internal/streams/readable:392:5)
2026-07-05T06:10:29.703Z [WARN] Redis reconnecting
2026-07-05T06:10:29.706Z [INFO] Redis connected
2026-07-05T06:10:29.708Z [ERROR] ERR unknown command 'HELLO'
Error: ERR unknown command 'HELLO'
    at #decodeSimpleError (D:\Learn\01\surat_community\backend\new\node_modules\@redis\client\dist\lib\RESP\decoder.js:460:13)
    at #decodeTypeValue (D:\Learn\01\surat_community\backend\new\node_modules\@redis\client\dist\lib\RESP\decoder.js:105:91)
    at Decoder.write (D:\Learn\01\surat_community\backend\new\node_modules\@redis\client\dist\lib\RESP\decoder.js:75:38)
    at RedisSocket.<anonymous> (D:\Learn\01\surat_community\backend\new\node_modules\@redis\client\dist\lib\client\index.js:587:37)
    at RedisSocket.emit (node:events:524:28)
    at Socket.<anonymous> (D:\Learn\01\surat_community\backend\new\node_modules\@redis\client\dist\lib\client\socket.js:274:38)
    at Socket.emit (node:events:524:28)
    at addChunk (node:internal/streams/readable:561:12)
    at readableAddChunkPushByteMode (node:internal/streams/readable:512:3)
    at Readable.push (node:internal/streams/readable:392:5)
2026-07-05T06:10:32.719Z [WARN] Redis reconnecting
2026-07-05T06:10:32.722Z [INFO] Redis connected
2026-07-05T06:10:32.724Z [ERROR] ERR unknown command 'HELLO'
Error: ERR unknown command 'HELLO'
    at #decodeSimpleError (D:\Learn\01\surat_community\backend\new\node_modules\@redis\client\dist\lib\RESP\decoder.js:460:13)
    at #decodeTypeValue (D:\Learn\01\surat_community\backend\new\node_modules\@redis\client\dist\lib\RESP\decoder.js:105:91)
    at Decoder.write (D:\Learn\01\surat_community\backend\new\node_modules\@redis\client\dist\lib\RESP\decoder.js:75:38)
    at RedisSocket.<anonymous> (D:\Learn\01\surat_community\backend\new\node_modules\@redis\client\dist\lib\client\index.js:587:37)
    at RedisSocket.emit (node:events:524:28)
    at Socket.<anonymous> (D:\Learn\01\surat_community\backend\new\node_modules\@redis\client\dist\lib\client\socket.js:274:38)
    at Socket.emit (node:events:524:28)
    at addChunk (node:internal/streams/readable:561:12)
    at readableAddChunkPushByteMode (node:internal/streams/readable:512:3)
    at Readable.push (node:internal/streams/readable:392:5)
2026-07-05T06:10:35.727Z [WARN] Redis reconnecting
2026-07-05T06:10:35.730Z [INFO] Redis connected
2026-07-05T06:10:35.733Z [ERROR] ERR unknown command 'HELLO'
Error: ERR unknown command 'HELLO'
    at #decodeSimpleError (D:\Learn\01\surat_community\backend\new\node_modules\@redis\client\dist\lib\RESP\decoder.js:460:13)
    at #decodeTypeValue (D:\Learn\01\surat_community\backend\new\node_modules\@redis\client\dist\lib\RESP\decoder.js:105:91)
    at Decoder.write (D:\Learn\01\surat_community\backend\new\node_modules\@redis\client\dist\lib\RESP\decoder.js:75:38)
    at RedisSocket.<anonymous> (D:\Learn\01\surat_community\backend\new\node_modules\@redis\client\dist\lib\client\index.js:587:37)
    at RedisSocket.emit (node:events:524:28)
    at Socket.<anonymous> (D:\Learn\01\surat_community\backend\new\node_modules\@redis\client\dist\lib\client\socket.js:274:38)
    at Socket.emit (node:events:524:28)
    at addChunk (node:internal/streams/readable:561:12)
    at readableAddChunkPushByteMode (node:internal/streams/readable:512:3)
    at Readable.push (node:internal/streams/readable:392:5)
2026-07-05T06:10:38.741Z [WARN] Redis reconnecting
2026-07-05T06:10:38.744Z [INFO] Redis connected
2026-07-05T06:10:38.746Z [ERROR] ERR unknown command 'HELLO'
Error: ERR unknown command 'HELLO'
    at #decodeSimpleError (D:\Learn\01\surat_community\backend\new\node_modules\@redis\client\dist\lib\RESP\decoder.js:460:13)
    at #decodeTypeValue (D:\Learn\01\surat_community\backend\new\node_modules\@redis\client\dist\lib\RESP\decoder.js:105:91)
    at Decoder.write (D:\Learn\01\surat_community\backend\new\node_modules\@redis\client\dist\lib\RESP\decoder.js:75:38)
    at RedisSocket.<anonymous> (D:\Learn\01\surat_community\backend\new\node_modules\@redis\client\dist\lib\client\index.js:587:37)
    at RedisSocket.emit (node:events:524:28)
    at Socket.<anonymous> (D:\Learn\01\surat_community\backend\new\node_modules\@redis\client\dist\lib\client\socket.js:274:38)
    at Socket.emit (node:events:524:28)
    at addChunk (node:internal/streams/readable:561:12)
    at readableAddChunkPushByteMode (node:internal/streams/readable:512:3)
    at Readable.push (node:internal/streams/readable:392:5)
2026-07-05T06:10:41.760Z [WARN] Redis reconnecting
2026-07-05T06:10:41.762Z [INFO] Redis connected
2026-07-05T06:10:41.764Z [ERROR] ERR unknown command 'HELLO'
Error: ERR unknown command 'HELLO'
    at #decodeSimpleError (D:\Learn\01\surat_community\backend\new\node_modules\@redis\client\dist\lib\RESP\decoder.js:460:13)
    at #decodeTypeValue (D:\Learn\01\surat_community\backend\new\node_modules\@redis\client\dist\lib\RESP\decoder.js:105:91)
    at Decoder.write (D:\Learn\01\surat_community\backend\new\node_modules\@redis\client\dist\lib\RESP\decoder.js:75:38)
    at RedisSocket.<anonymous> (D:\Learn\01\surat_community\backend\new\node_modules\@redis\client\dist\lib\client\index.js:587:37)
    at RedisSocket.emit (node:events:524:28)
    at Socket.<anonymous> (D:\Learn\01\surat_community\backend\new\node_modules\@redis\client\dist\lib\client\socket.js:274:38)
    at Socket.emit (node:events:524:28)
    at addChunk (node:internal/streams/readable:561:12)
    at readableAddChunkPushByteMode (node:internal/streams/readable:512:3)
    at Readable.push (node:internal/streams/readable:392:5)
2026-07-05T06:10:44.770Z [WARN] Redis reconnecting
2026-07-05T06:10:44.775Z [INFO] Redis connected
2026-07-05T06:10:44.784Z [ERROR] ERR unknown command 'HELLO'
Error: ERR unknown command 'HELLO'
    at #decodeSimpleError (D:\Learn\01\surat_community\backend\new\node_modules\@redis\client\dist\lib\RESP\decoder.js:460:13)
    at #decodeTypeValue (D:\Learn\01\surat_community\backend\new\node_modules\@redis\client\dist\lib\RESP\decoder.js:105:91)
    at Decoder.write (D:\Learn\01\surat_community\backend\new\node_modules\@redis\client\dist\lib\RESP\decoder.js:75:38)
    at RedisSocket.<anonymous> (D:\Learn\01\surat_community\backend\new\node_modules\@redis\client\dist\lib\client\index.js:587:37)
    at RedisSocket.emit (node:events:524:28)
    at Socket.<anonymous> (D:\Learn\01\surat_community\backend\new\node_modules\@redis\client\dist\lib\client\socket.js:274:38)
    at Socket.emit (node:events:524:28)
    at addChunk (node:internal/streams/readable:561:12)
    at readableAddChunkPushByteMode (node:internal/streams/readable:512:3)
    at Readable.push (node:internal/streams/readable:392:5)
2026-07-05T06:10:47.794Z [WARN] Redis reconnecting
2026-07-05T06:10:47.797Z [INFO] Redis connected
2026-07-05T06:10:47.799Z [ERROR] ERR unknown command 'HELLO'
Error: ERR unknown command 'HELLO'
    at #decodeSimpleError (D:\Learn\01\surat_community\backend\new\node_modules\@redis\client\dist\lib\RESP\decoder.js:460:13)
    at #decodeTypeValue (D:\Learn\01\surat_community\backend\new\node_modules\@redis\client\dist\lib\RESP\decoder.js:105:91)
    at Decoder.write (D:\Learn\01\surat_community\backend\new\node_modules\@redis\client\dist\lib\RESP\decoder.js:75:38)
    at RedisSocket.<anonymous> (D:\Learn\01\surat_community\backend\new\node_modules\@redis\client\dist\lib\client\index.js:587:37)
    at RedisSocket.emit (node:events:524:28)
    at Socket.<anonymous> (D:\Learn\01\surat_community\backend\new\node_modules\@redis\client\dist\lib\client\socket.js:274:38)
    at Socket.emit (node:events:524:28)
    at addChunk (node:internal/streams/readable:561:12)
    at readableAddChunkPushByteMode (node:internal/streams/readable:512:3)
    at Readable.push (node:internal/streams/readable:392:5)
2026-07-05T06:10:50.810Z [WARN] Redis reconnecting
2026-07-05T06:10:50.813Z [INFO] Redis connected
2026-07-05T06:10:50.815Z [ERROR] ERR unknown command 'HELLO'
Error: ERR unknown command 'HELLO'
    at #decodeSimpleError (D:\Learn\01\surat_community\backend\new\node_modules\@redis\client\dist\lib\RESP\decoder.js:460:13)
    at #decodeTypeValue (D:\Learn\01\surat_community\backend\new\node_modules\@redis\client\dist\lib\RESP\decoder.js:105:91)
    at Decoder.write (D:\Learn\01\surat_community\backend\new\node_modules\@redis\client\dist\lib\RESP\decoder.js:75:38)
    at RedisSocket.<anonymous> (D:\Learn\01\surat_community\backend\new\node_modules\@redis\client\dist\lib\client\index.js:587:37)
    at RedisSocket.emit (node:events:524:28)
    at Socket.<anonymous> (D:\Learn\01\surat_community\backend\new\node_modules\@redis\client\dist\lib\client\socket.js:274:38)
    at Socket.emit (node:events:524:28)
    at addChunk (node:internal/streams/readable:561:12)
    at readableAddChunkPushByteMode (node:internal/streams/readable:512:3)
    at Readable.push (node:internal/streams/readable:392:5)
2026-07-05T06:10:53.818Z [WARN] Redis reconnecting
2026-07-05T06:10:53.822Z [INFO] Redis connected
2026-07-05T06:10:53.825Z [ERROR] ERR unknown command 'HELLO'
Error: ERR unknown command 'HELLO'
    at #decodeSimpleError (D:\Learn\01\surat_community\backend\new\node_modules\@redis\client\dist\lib\RESP\decoder.js:460:13)
    at #decodeTypeValue (D:\Learn\01\surat_community\backend\new\node_modules\@redis\client\dist\lib\RESP\decoder.js:105:91)
    at Decoder.write (D:\Learn\01\surat_community\backend\new\node_modules\@redis\client\dist\lib\RESP\decoder.js:75:38)
    at RedisSocket.<anonymous> (D:\Learn\01\surat_community\backend\new\node_modules\@redis\client\dist\lib\client\index.js:587:37)
    at RedisSocket.emit (node:events:524:28)
    at Socket.<anonymous> (D:\Learn\01\surat_community\backend\new\node_modules\@redis\client\dist\lib\client\socket.js:274:38)
    at Socket.emit (node:events:524:28)
    at addChunk (node:internal/streams/readable:561:12)
    at readableAddChunkPushByteMode (node:internal/streams/readable:512:3)
    at Readable.push (node:internal/streams/readable:392:5)
2026-07-05T06:10:56.835Z [WARN] Redis reconnecting
2026-07-05T06:10:56.841Z [INFO] Redis connected
2026-07-05T06:10:56.844Z [ERROR] ERR unknown command 'HELLO'
Error: ERR unknown command 'HELLO'
    at #decodeSimpleError (D:\Learn\01\surat_community\backend\new\node_modules\@redis\client\dist\lib\RESP\decoder.js:460:13)
    at #decodeTypeValue (D:\Learn\01\surat_community\backend\new\node_modules\@redis\client\dist\lib\RESP\decoder.js:105:91)
    at Decoder.write (D:\Learn\01\surat_community\backend\new\node_modules\@redis\client\dist\lib\RESP\decoder.js:75:38)
    at RedisSocket.<anonymous> (D:\Learn\01\surat_community\backend\new\node_modules\@redis\client\dist\lib\client\index.js:587:37)
    at RedisSocket.emit (node:events:524:28)
    at Socket.<anonymous> (D:\Learn\01\surat_community\backend\new\node_modules\@redis\client\dist\lib\client\socket.js:274:38)
    at Socket.emit (node:events:524:28)
    at addChunk (node:internal/streams/readable:561:12)
    at readableAddChunkPushByteMode (node:internal/streams/readable:512:3)
    at Readable.push (node:internal/streams/readable:392:5)
2026-07-05T06:10:59.854Z [WARN] Redis reconnecting
2026-07-05T06:10:59.857Z [INFO] Redis connected
2026-07-05T06:10:59.859Z [ERROR] ERR unknown command 'HELLO'
Error: ERR unknown command 'HELLO'
    at #decodeSimpleError (D:\Learn\01\surat_community\backend\new\node_modules\@redis\client\dist\lib\RESP\decoder.js:460:13)
    at #decodeTypeValue (D:\Learn\01\surat_community\backend\new\node_modules\@redis\client\dist\lib\RESP\decoder.js:105:91)
    at Decoder.write (D:\Learn\01\surat_community\backend\new\node_modules\@redis\client\dist\lib\RESP\decoder.js:75:38)
    at RedisSocket.<anonymous> (D:\Learn\01\surat_community\backend\new\node_modules\@redis\client\dist\lib\client\index.js:587:37)
    at RedisSocket.emit (node:events:524:28)
    at Socket.<anonymous> (D:\Learn\01\surat_community\backend\new\node_modules\@redis\client\dist\lib\client\socket.js:274:38)
    at Socket.emit (node:events:524:28)
    at addChunk (node:internal/streams/readable:561:12)
    at readableAddChunkPushByteMode (node:internal/streams/readable:512:3)
    at Readable.push (node:internal/streams/readable:392:5)
2026-07-05T06:11:02.872Z [WARN] Redis reconnecting
2026-07-05T06:11:02.874Z [INFO] Redis connected
2026-07-05T06:11:02.877Z [ERROR] ERR unknown command 'HELLO'
Error: ERR unknown command 'HELLO'
    at #decodeSimpleError (D:\Learn\01\surat_community\backend\new\node_modules\@redis\client\dist\lib\RESP\decoder.js:460:13)
    at #decodeTypeValue (D:\Learn\01\surat_community\backend\new\node_modules\@redis\client\dist\lib\RESP\decoder.js:105:91)
    at Decoder.write (D:\Learn\01\surat_community\backend\new\node_modules\@redis\client\dist\lib\RESP\decoder.js:75:38)
    at RedisSocket.<anonymous> (D:\Learn\01\surat_community\backend\new\node_modules\@redis\client\dist\lib\client\index.js:587:37)
    at RedisSocket.emit (node:events:524:28)
    at Socket.<anonymous> (D:\Learn\01\surat_community\backend\new\node_modules\@redis\client\dist\lib\client\socket.js:274:38)
    at Socket.emit (node:events:524:28)
    at addChunk (node:internal/streams/readable:561:12)
    at readableAddChunkPushByteMode (node:internal/streams/readable:512:3)
    at Readable.push (node:internal/streams/readable:392:5)
2026-07-05T06:11:05.892Z [WARN] Redis reconnecting
2026-07-05T06:11:05.895Z [INFO] Redis connected
2026-07-05T06:11:05.897Z [ERROR] ERR unknown command 'HELLO'
Error: ERR unknown command 'HELLO'
    at #decodeSimpleError (D:\Learn\01\surat_community\backend\new\node_modules\@redis\client\dist\lib\RESP\decoder.js:460:13)
    at #decodeTypeValue (D:\Learn\01\surat_community\backend\new\node_modules\@redis\client\dist\lib\RESP\decoder.js:105:91)
    at Decoder.write (D:\Learn\01\surat_community\backend\new\node_modules\@redis\client\dist\lib\RESP\decoder.js:75:38)
    at RedisSocket.<anonymous> (D:\Learn\01\surat_community\backend\new\node_modules\@redis\client\dist\lib\client\index.js:587:37)
    at RedisSocket.emit (node:events:524:28)
    at Socket.<anonymous> (D:\Learn\01\surat_community\backend\new\node_modules\@redis\client\dist\lib\client\socket.js:274:38)
    at Socket.emit (node:events:524:28)
    at addChunk (node:internal/streams/readable:561:12)
    at readableAddChunkPushByteMode (node:internal/streams/readable:512:3)
    at Readable.push (node:internal/streams/readable:392:5)
2026-07-05T06:11:08.906Z [WARN] Redis reconnecting
2026-07-05T06:11:08.909Z [INFO] Redis connected
2026-07-05T06:11:08.911Z [ERROR] ERR unknown command 'HELLO'
Error: ERR unknown command 'HELLO'
    at #decodeSimpleError (D:\Learn\01\surat_community\backend\new\node_modules\@redis\client\dist\lib\RESP\decoder.js:460:13)
    at #decodeTypeValue (D:\Learn\01\surat_community\backend\new\node_modules\@redis\client\dist\lib\RESP\decoder.js:105:91)
    at Decoder.write (D:\Learn\01\surat_community\backend\new\node_modules\@redis\client\dist\lib\RESP\decoder.js:75:38)
    at RedisSocket.<anonymous> (D:\Learn\01\surat_community\backend\new\node_modules\@redis\client\dist\lib\client\index.js:587:37)
    at RedisSocket.emit (node:events:524:28)
    at Socket.<anonymous> (D:\Learn\01\surat_community\backend\new\node_modules\@redis\client\dist\lib\client\socket.js:274:38)
    at Socket.emit (node:events:524:28)
    at addChunk (node:internal/streams/readable:561:12)
    at readableAddChunkPushByteMode (node:internal/streams/readable:512:3)
    at Readable.push (node:internal/streams/readable:392:5)
2026-07-05T06:11:11.916Z [WARN] Redis reconnecting
2026-07-05T06:11:11.918Z [INFO] Redis connected
2026-07-05T06:11:11.921Z [ERROR] ERR unknown command 'HELLO'
Error: ERR unknown command 'HELLO'
    at #decodeSimpleError (D:\Learn\01\surat_community\backend\new\node_modules\@redis\client\dist\lib\RESP\decoder.js:460:13)
    at #decodeTypeValue (D:\Learn\01\surat_community\backend\new\node_modules\@redis\client\dist\lib\RESP\decoder.js:105:91)
    at Decoder.write (D:\Learn\01\surat_community\backend\new\node_modules\@redis\client\dist\lib\RESP\decoder.js:75:38)
    at RedisSocket.<anonymous> (D:\Learn\01\surat_community\backend\new\node_modules\@redis\client\dist\lib\client\index.js:587:37)
    at RedisSocket.emit (node:events:524:28)
    at Socket.<anonymous> (D:\Learn\01\surat_community\backend\new\node_modules\@redis\client\dist\lib\client\socket.js:274:38)
    at Socket.emit (node:events:524:28)
    at addChunk (node:internal/streams/readable:561:12)
    at readableAddChunkPushByteMode (node:internal/streams/readable:512:3)
    at Readable.push (node:internal/streams/readable:392:5)
2026-07-05T06:11:14.935Z [WARN] Redis reconnecting
2026-07-05T06:11:14.937Z [INFO] Redis connected
2026-07-05T06:11:14.939Z [ERROR] ERR unknown command 'HELLO'
Error: ERR unknown command 'HELLO'
    at #decodeSimpleError (D:\Learn\01\surat_community\backend\new\node_modules\@redis\client\dist\lib\RESP\decoder.js:460:13)
    at #decodeTypeValue (D:\Learn\01\surat_community\backend\new\node_modules\@redis\client\dist\lib\RESP\decoder.js:105:91)
    at Decoder.write (D:\Learn\01\surat_community\backend\new\node_modules\@redis\client\dist\lib\RESP\decoder.js:75:38)
    at RedisSocket.<anonymous> (D:\Learn\01\surat_community\backend\new\node_modules\@redis\client\dist\lib\client\index.js:587:37)
    at RedisSocket.emit (node:events:524:28)
    at Socket.<anonymous> (D:\Learn\01\surat_community\backend\new\node_modules\@redis\client\dist\lib\client\socket.js:274:38)
    at Socket.emit (node:events:524:28)
    at addChunk (node:internal/streams/readable:561:12)
    at readableAddChunkPushByteMode (node:internal/streams/readable:512:3)
    at Readable.push (node:internal/streams/readable:392:5)
2026-07-05T06:11:17.942Z [WARN] Redis reconnecting
2026-07-05T06:11:17.944Z [INFO] Redis connected
2026-07-05T06:11:17.946Z [ERROR] ERR unknown command 'HELLO'
Error: ERR unknown command 'HELLO'
    at #decodeSimpleError (D:\Learn\01\surat_community\backend\new\node_modules\@redis\client\dist\lib\RESP\decoder.js:460:13)
    at #decodeTypeValue (D:\Learn\01\surat_community\backend\new\node_modules\@redis\client\dist\lib\RESP\decoder.js:105:91)
    at Decoder.write (D:\Learn\01\surat_community\backend\new\node_modules\@redis\client\dist\lib\RESP\decoder.js:75:38)
    at RedisSocket.<anonymous> (D:\Learn\01\surat_community\backend\new\node_modules\@redis\client\dist\lib\client\index.js:587:37)
    at RedisSocket.emit (node:events:524:28)
    at Socket.<anonymous> (D:\Learn\01\surat_community\backend\new\node_modules\@redis\client\dist\lib\client\socket.js:274:38)
    at Socket.emit (node:events:524:28)
    at addChunk (node:internal/streams/readable:561:12)
    at readableAddChunkPushByteMode (node:internal/streams/readable:512:3)
    at Readable.push (node:internal/streams/readable:392:5)
2026-07-05T06:11:20.948Z [WARN] Redis reconnecting
2026-07-05T06:11:20.951Z [INFO] Redis connected
2026-07-05T06:11:20.954Z [ERROR] ERR unknown command 'HELLO'
Error: ERR unknown command 'HELLO'
    at #decodeSimpleError (D:\Learn\01\surat_community\backend\new\node_modules\@redis\client\dist\lib\RESP\decoder.js:460:13)
    at #decodeTypeValue (D:\Learn\01\surat_community\backend\new\node_modules\@redis\client\dist\lib\RESP\decoder.js:105:91)
    at Decoder.write (D:\Learn\01\surat_community\backend\new\node_modules\@redis\client\dist\lib\RESP\decoder.js:75:38)
    at RedisSocket.<anonymous> (D:\Learn\01\surat_community\backend\new\node_modules\@redis\client\dist\lib\client\index.js:587:37)
    at RedisSocket.emit (node:events:524:28)
    at Socket.<anonymous> (D:\Learn\01\surat_community\backend\new\node_modules\@redis\client\dist\lib\client\socket.js:274:38)
    at Socket.emit (node:events:524:28)
    at addChunk (node:internal/streams/readable:561:12)
    at readableAddChunkPushByteMode (node:internal/streams/readable:512:3)
    at Readable.push (node:internal/streams/readable:392:5)
2026-07-05T06:11:23.968Z [WARN] Redis reconnecting
2026-07-05T06:11:23.974Z [INFO] Redis connected
2026-07-05T06:11:23.980Z [ERROR] ERR unknown command 'HELLO'
Error: ERR unknown command 'HELLO'
    at #decodeSimpleError (D:\Learn\01\surat_community\backend\new\node_modules\@redis\client\dist\lib\RESP\decoder.js:460:13)
    at #decodeTypeValue (D:\Learn\01\surat_community\backend\new\node_modules\@redis\client\dist\lib\RESP\decoder.js:105:91)
    at Decoder.write (D:\Learn\01\surat_community\backend\new\node_modules\@redis\client\dist\lib\RESP\decoder.js:75:38)
    at RedisSocket.<anonymous> (D:\Learn\01\surat_community\backend\new\node_modules\@redis\client\dist\lib\client\index.js:587:37)
    at RedisSocket.emit (node:events:524:28)
    at Socket.<anonymous> (D:\Learn\01\surat_community\backend\new\node_modules\@redis\client\dist\lib\client\socket.js:274:38)
    at Socket.emit (node:events:524:28)
    at addChunk (node:internal/streams/readable:561:12)
    at readableAddChunkPushByteMode (node:internal/streams/readable:512:3)
    at Readable.push (node:internal/streams/readable:392:5)
2026-07-05T06:11:26.981Z [WARN] Redis reconnecting
2026-07-05T06:11:26.984Z [INFO] Redis connected
2026-07-05T06:11:26.987Z [ERROR] ERR unknown command 'HELLO'
Error: ERR unknown command 'HELLO'
    at #decodeSimpleError (D:\Learn\01\surat_community\backend\new\node_modules\@redis\client\dist\lib\RESP\decoder.js:460:13)
    at #decodeTypeValue (D:\Learn\01\surat_community\backend\new\node_modules\@redis\client\dist\lib\RESP\decoder.js:105:91)
    at Decoder.write (D:\Learn\01\surat_community\backend\new\node_modules\@redis\client\dist\lib\RESP\decoder.js:75:38)
    at RedisSocket.<anonymous> (D:\Learn\01\surat_community\backend\new\node_modules\@redis\client\dist\lib\client\index.js:587:37)
    at RedisSocket.emit (node:events:524:28)
    at Socket.<anonymous> (D:\Learn\01\surat_community\backend\new\node_modules\@redis\client\dist\lib\client\socket.js:274:38)
    at Socket.emit (node:events:524:28)
    at addChunk (node:internal/streams/readable:561:12)
    at readableAddChunkPushByteMode (node:internal/streams/readable:512:3)
    at Readable.push (node:internal/streams/readable:392:5)
2026-07-05T06:11:29.998Z [WARN] Redis reconnecting
2026-07-05T06:11:30.001Z [INFO] Redis connected
2026-07-05T06:11:30.004Z [ERROR] ERR unknown command 'HELLO'
Error: ERR unknown command 'HELLO'
    at #decodeSimpleError (D:\Learn\01\surat_community\backend\new\node_modules\@redis\client\dist\lib\RESP\decoder.js:460:13)
    at #decodeTypeValue (D:\Learn\01\surat_community\backend\new\node_modules\@redis\client\dist\lib\RESP\decoder.js:105:91)
    at Decoder.write (D:\Learn\01\surat_community\backend\new\node_modules\@redis\client\dist\lib\RESP\decoder.js:75:38)
    at RedisSocket.<anonymous> (D:\Learn\01\surat_community\backend\new\node_modules\@redis\client\dist\lib\client\index.js:587:37)
    at RedisSocket.emit (node:events:524:28)
    at Socket.<anonymous> (D:\Learn\01\surat_community\backend\new\node_modules\@redis\client\dist\lib\client\socket.js:274:38)
    at Socket.emit (node:events:524:28)
    at addChunk (node:internal/streams/readable:561:12)
    at readableAddChunkPushByteMode (node:internal/streams/readable:512:3)
    at Readable.push (node:internal/streams/readable:392:5)
2026-07-05T06:11:33.010Z [WARN] Redis reconnecting
2026-07-05T06:11:33.013Z [INFO] Redis connected
2026-07-05T06:11:33.015Z [ERROR] ERR unknown command 'HELLO'
Error: ERR unknown command 'HELLO'
    at #decodeSimpleError (D:\Learn\01\surat_community\backend\new\node_modules\@redis\client\dist\lib\RESP\decoder.js:460:13)
    at #decodeTypeValue (D:\Learn\01\surat_community\backend\new\node_modules\@redis\client\dist\lib\RESP\decoder.js:105:91)
    at Decoder.write (D:\Learn\01\surat_community\backend\new\node_modules\@redis\client\dist\lib\RESP\decoder.js:75:38)
    at RedisSocket.<anonymous> (D:\Learn\01\surat_community\backend\new\node_modules\@redis\client\dist\lib\client\index.js:587:37)
    at RedisSocket.emit (node:events:524:28)
    at Socket.<anonymous> (D:\Learn\01\surat_community\backend\new\node_modules\@redis\client\dist\lib\client\socket.js:274:38)
    at Socket.emit (node:events:524:28)
    at addChunk (node:internal/streams/readable:561:12)
    at readableAddChunkPushByteMode (node:internal/streams/readable:512:3)
    at Readable.push (node:internal/streams/readable:392:5)
2026-07-05T06:11:36.021Z [WARN] Redis reconnecting
2026-07-05T06:11:36.024Z [INFO] Redis connected
2026-07-05T06:11:36.026Z [ERROR] ERR unknown command 'HELLO'
Error: ERR unknown command 'HELLO'
    at #decodeSimpleError (D:\Learn\01\surat_community\backend\new\node_modules\@redis\client\dist\lib\RESP\decoder.js:460:13)
    at #decodeTypeValue (D:\Learn\01\surat_community\backend\new\node_modules\@redis\client\dist\lib\RESP\decoder.js:105:91)
    at Decoder.write (D:\Learn\01\surat_community\backend\new\node_modules\@redis\client\dist\lib\RESP\decoder.js:75:38)
    at RedisSocket.<anonymous> (D:\Learn\01\surat_community\backend\new\node_modules\@redis\client\dist\lib\client\index.js:587:37)
    at RedisSocket.emit (node:events:524:28)
    at Socket.<anonymous> (D:\Learn\01\surat_community\backend\new\node_modules\@redis\client\dist\lib\client\socket.js:274:38)
    at Socket.emit (node:events:524:28)
    at addChunk (node:internal/streams/readable:561:12)
    at readableAddChunkPushByteMode (node:internal/streams/readable:512:3)
    at Readable.push (node:internal/streams/readable:392:5)
2026-07-05T06:15:37.616Z [INFO] Redis connected
2026-07-05T06:15:38.987Z [INFO] Redis connected
2026-07-05T06:15:38.994Z [ERROR] Failed to start server ENOENT: no such file or directory, open '/app/src/lua/tokenBucket.lua'
Error: ENOENT: no such file or directory, open '/app/src/lua/tokenBucket.lua'
    at async open (node:internal/fs/promises:639:25)
    at async Object.readFile (node:internal/fs/promises:1252:14)
    at async loadLuaScript (file:///app/dist/config/rateLimiter.js:6:20)
    at async startServer (file:///app/dist/index.js:20:9)
2026-07-05T06:15:40.299Z [INFO] Redis connected
2026-07-05T06:15:40.306Z [ERROR] Failed to start server ENOENT: no such file or directory, open '/app/src/lua/tokenBucket.lua'
Error: ENOENT: no such file or directory, open '/app/src/lua/tokenBucket.lua'
    at async open (node:internal/fs/promises:639:25)
    at async Object.readFile (node:internal/fs/promises:1252:14)
    at async loadLuaScript (file:///app/dist/config/rateLimiter.js:6:20)
    at async startServer (file:///app/dist/index.js:20:9)
2026-07-05T06:15:41.612Z [INFO] Redis connected
2026-07-05T06:15:41.619Z [ERROR] Failed to start server ENOENT: no such file or directory, open '/app/src/lua/tokenBucket.lua'
Error: ENOENT: no such file or directory, open '/app/src/lua/tokenBucket.lua'
    at async open (node:internal/fs/promises:639:25)
    at async Object.readFile (node:internal/fs/promises:1252:14)
    at async loadLuaScript (file:///app/dist/config/rateLimiter.js:6:20)
    at async startServer (file:///app/dist/index.js:20:9)
2026-07-05T06:15:43.361Z [INFO] Redis connected
2026-07-05T06:15:43.367Z [ERROR] Failed to start server ENOENT: no such file or directory, open '/app/src/lua/tokenBucket.lua'
Error: ENOENT: no such file or directory, open '/app/src/lua/tokenBucket.lua'
    at async open (node:internal/fs/promises:639:25)
    at async Object.readFile (node:internal/fs/promises:1252:14)
    at async loadLuaScript (file:///app/dist/config/rateLimiter.js:6:20)
    at async startServer (file:///app/dist/index.js:20:9)
2026-07-05T06:15:45.919Z [INFO] Redis connected
2026-07-05T06:15:45.926Z [ERROR] Failed to start server ENOENT: no such file or directory, open '/app/src/lua/tokenBucket.lua'
Error: ENOENT: no such file or directory, open '/app/src/lua/tokenBucket.lua'
    at async open (node:internal/fs/promises:639:25)
    at async Object.readFile (node:internal/fs/promises:1252:14)
    at async loadLuaScript (file:///app/dist/config/rateLimiter.js:6:20)
    at async startServer (file:///app/dist/index.js:20:9)
2026-07-05T06:15:50.098Z [INFO] Redis connected
2026-07-05T06:15:50.104Z [ERROR] Failed to start server ENOENT: no such file or directory, open '/app/src/lua/tokenBucket.lua'
Error: ENOENT: no such file or directory, open '/app/src/lua/tokenBucket.lua'
    at async open (node:internal/fs/promises:639:25)
    at async Object.readFile (node:internal/fs/promises:1252:14)
    at async loadLuaScript (file:///app/dist/config/rateLimiter.js:6:20)
    at async startServer (file:///app/dist/index.js:20:9)
2026-07-05T06:15:57.416Z [INFO] Redis connected
2026-07-05T06:15:57.423Z [ERROR] Failed to start server ENOENT: no such file or directory, open '/app/src/lua/tokenBucket.lua'
Error: ENOENT: no such file or directory, open '/app/src/lua/tokenBucket.lua'
    at async open (node:internal/fs/promises:639:25)
    at async Object.readFile (node:internal/fs/promises:1252:14)
    at async loadLuaScript (file:///app/dist/config/rateLimiter.js:6:20)
    at async startServer (file:///app/dist/index.js:20:9)
2026-07-05T06:16:11.244Z [INFO] Redis connected
2026-07-05T06:16:11.251Z [ERROR] Failed to start server ENOENT: no such file or directory, open '/app/src/lua/tokenBucket.lua'
Error: ENOENT: no such file or directory, open '/app/src/lua/tokenBucket.lua'
    at async open (node:internal/fs/promises:639:25)
    at async Object.readFile (node:internal/fs/promises:1252:14)
    at async loadLuaScript (file:///app/dist/config/rateLimiter.js:6:20)
    at async startServer (file:///app/dist/index.js:20:9)
2026-07-05T06:16:37.736Z [INFO] Redis connected
2026-07-05T06:16:37.746Z [ERROR] Failed to start server ENOENT: no such file or directory, open '/app/src/lua/tokenBucket.lua'
Error: ENOENT: no such file or directory, open '/app/src/lua/tokenBucket.lua'
    at async open (node:internal/fs/promises:639:25)
    at async Object.readFile (node:internal/fs/promises:1252:14)
    at async loadLuaScript (file:///app/dist/config/rateLimiter.js:6:20)
    at async startServer (file:///app/dist/index.js:20:9)
2026-07-05T06:17:29.928Z [INFO] Redis connected
2026-07-05T06:17:29.937Z [ERROR] Failed to start server ENOENT: no such file or directory, open '/app/src/lua/tokenBucket.lua'
Error: ENOENT: no such file or directory, open '/app/src/lua/tokenBucket.lua'
    at async open (node:internal/fs/promises:639:25)
    at async Object.readFile (node:internal/fs/promises:1252:14)
    at async loadLuaScript (file:///app/dist/config/rateLimiter.js:6:20)
    at async startServer (file:///app/dist/index.js:20:9)
2026-07-05T06:18:30.976Z [INFO] Redis connected
2026-07-05T06:18:30.982Z [ERROR] Failed to start server ENOENT: no such file or directory, open '/app/src/lua/tokenBucket.lua'
Error: ENOENT: no such file or directory, open '/app/src/lua/tokenBucket.lua'
    at async open (node:internal/fs/promises:639:25)
    at async Object.readFile (node:internal/fs/promises:1252:14)
    at async loadLuaScript (file:///app/dist/config/rateLimiter.js:6:20)
    at async startServer (file:///app/dist/index.js:20:9)
2026-07-05T06:21:57.839Z [ERROR] getaddrinfo ENOTFOUND redis
Error: getaddrinfo ENOTFOUND redis
    at GetAddrInfoReqWrap.onlookupall [as oncomplete] (node:dns:120:26)
2026-07-05T06:21:57.851Z [WARN] Redis reconnecting
2026-07-05T06:22:00.548Z [ERROR] getaddrinfo ENOTFOUND redis
Error: getaddrinfo ENOTFOUND redis
    at GetAddrInfoReqWrap.onlookupall [as oncomplete] (node:dns:120:26)
2026-07-05T06:22:00.655Z [WARN] Redis reconnecting
2026-07-05T06:22:41.697Z [INFO] Redis connected
2026-07-05T06:22:41.707Z [ERROR] Failed to start server ENOENT: no such file or directory, open '/app/src/lua/tokenBucket.lua'
Error: ENOENT: no such file or directory, open '/app/src/lua/tokenBucket.lua'
    at async open (node:internal/fs/promises:639:25)
    at async Object.readFile (node:internal/fs/promises:1252:14)
    at async loadLuaScript (file:///app/dist/config/rateLimiter.js:6:20)
    at async startServer (file:///app/dist/index.js:20:9)
2026-07-05T06:22:42.812Z [INFO] Redis connected
2026-07-05T06:22:42.824Z [ERROR] Failed to start server ENOENT: no such file or directory, open '/app/src/lua/tokenBucket.lua'
Error: ENOENT: no such file or directory, open '/app/src/lua/tokenBucket.lua'
    at async open (node:internal/fs/promises:639:25)
    at async Object.readFile (node:internal/fs/promises:1252:14)
    at async loadLuaScript (file:///app/dist/config/rateLimiter.js:6:20)
    at async startServer (file:///app/dist/index.js:20:9)
2026-07-05T06:22:43.972Z [INFO] Redis connected
2026-07-05T06:22:43.979Z [ERROR] Failed to start server ENOENT: no such file or directory, open '/app/src/lua/tokenBucket.lua'
Error: ENOENT: no such file or directory, open '/app/src/lua/tokenBucket.lua'
    at async open (node:internal/fs/promises:639:25)
    at async Object.readFile (node:internal/fs/promises:1252:14)
    at async loadLuaScript (file:///app/dist/config/rateLimiter.js:6:20)
    at async startServer (file:///app/dist/index.js:20:9)
2026-07-05T06:22:45.290Z [INFO] Redis connected
2026-07-05T06:22:45.298Z [ERROR] Failed to start server ENOENT: no such file or directory, open '/app/src/lua/tokenBucket.lua'
Error: ENOENT: no such file or directory, open '/app/src/lua/tokenBucket.lua'
    at async open (node:internal/fs/promises:639:25)
    at async Object.readFile (node:internal/fs/promises:1252:14)
    at async loadLuaScript (file:///app/dist/config/rateLimiter.js:6:20)
    at async startServer (file:///app/dist/index.js:20:9)
2026-07-05T06:22:47.068Z [INFO] Redis connected
2026-07-05T06:22:47.076Z [ERROR] Failed to start server ENOENT: no such file or directory, open '/app/src/lua/tokenBucket.lua'
Error: ENOENT: no such file or directory, open '/app/src/lua/tokenBucket.lua'
    at async open (node:internal/fs/promises:639:25)
    at async Object.readFile (node:internal/fs/promises:1252:14)
    at async loadLuaScript (file:///app/dist/config/rateLimiter.js:6:20)
    at async startServer (file:///app/dist/index.js:20:9)
2026-07-05T06:22:49.583Z [INFO] Redis connected
2026-07-05T06:22:49.589Z [ERROR] Failed to start server ENOENT: no such file or directory, open '/app/src/lua/tokenBucket.lua'
Error: ENOENT: no such file or directory, open '/app/src/lua/tokenBucket.lua'
    at async open (node:internal/fs/promises:639:25)
    at async Object.readFile (node:internal/fs/promises:1252:14)
    at async loadLuaScript (file:///app/dist/config/rateLimiter.js:6:20)
    at async startServer (file:///app/dist/index.js:20:9)
2026-07-05T06:22:53.788Z [INFO] Redis connected
2026-07-05T06:22:53.798Z [ERROR] Failed to start server ENOENT: no such file or directory, open '/app/src/lua/tokenBucket.lua'
Error: ENOENT: no such file or directory, open '/app/src/lua/tokenBucket.lua'
    at async open (node:internal/fs/promises:639:25)
    at async Object.readFile (node:internal/fs/promises:1252:14)
    at async loadLuaScript (file:///app/dist/config/rateLimiter.js:6:20)
    at async startServer (file:///app/dist/index.js:20:9)
2026-07-05T06:26:28.886Z [INFO] Redis connected
2026-07-05T06:26:28.904Z [ERROR] Failed to start server ENOENT: no such file or directory, open '/app/src/lua/tokenBucket.lua'
Error: ENOENT: no such file or directory, open '/app/src/lua/tokenBucket.lua'
    at async open (node:internal/fs/promises:639:25)
    at async Object.readFile (node:internal/fs/promises:1252:14)
    at async loadLuaScript (file:///app/dist/config/rateLimiter.js:6:20)
    at async startServer (file:///app/dist/index.js:20:9)
2026-07-05T06:26:30.165Z [INFO] Redis connected
2026-07-05T06:26:30.177Z [ERROR] Failed to start server ENOENT: no such file or directory, open '/app/src/lua/tokenBucket.lua'
Error: ENOENT: no such file or directory, open '/app/src/lua/tokenBucket.lua'
    at async open (node:internal/fs/promises:639:25)
    at async Object.readFile (node:internal/fs/promises:1252:14)
    at async loadLuaScript (file:///app/dist/config/rateLimiter.js:6:20)
    at async startServer (file:///app/dist/index.js:20:9)
2026-07-05T06:26:31.427Z [INFO] Redis connected
2026-07-05T06:26:31.435Z [ERROR] Failed to start server ENOENT: no such file or directory, open '/app/src/lua/tokenBucket.lua'
Error: ENOENT: no such file or directory, open '/app/src/lua/tokenBucket.lua'
    at async open (node:internal/fs/promises:639:25)
    at async Object.readFile (node:internal/fs/promises:1252:14)
    at async loadLuaScript (file:///app/dist/config/rateLimiter.js:6:20)
    at async startServer (file:///app/dist/index.js:20:9)
2026-07-05T06:26:32.829Z [INFO] Redis connected
2026-07-05T06:26:32.838Z [ERROR] Failed to start server ENOENT: no such file or directory, open '/app/src/lua/tokenBucket.lua'
Error: ENOENT: no such file or directory, open '/app/src/lua/tokenBucket.lua'
    at async open (node:internal/fs/promises:639:25)
    at async Object.readFile (node:internal/fs/promises:1252:14)
    at async loadLuaScript (file:///app/dist/config/rateLimiter.js:6:20)
    at async startServer (file:///app/dist/index.js:20:9)
2026-07-05T06:26:34.600Z [INFO] Redis connected
2026-07-05T06:26:34.607Z [ERROR] Failed to start server ENOENT: no such file or directory, open '/app/src/lua/tokenBucket.lua'
Error: ENOENT: no such file or directory, open '/app/src/lua/tokenBucket.lua'
    at async open (node:internal/fs/promises:639:25)
    at async Object.readFile (node:internal/fs/promises:1252:14)
    at async loadLuaScript (file:///app/dist/config/rateLimiter.js:6:20)
    at async startServer (file:///app/dist/index.js:20:9)
2026-07-05T06:31:08.960Z [INFO] Redis connected
2026-07-05T06:31:10.387Z [ERROR] Database connection failed Error connecting to database: TypeError: fetch failed
NeonDbError: Error connecting to database: TypeError: fetch failed
    at dr.execute (file:///app/node_modules/@neondatabase/serverless/index.mjs:1292:95)
    at process.processTicksAndRejections (node:internal/process/task_queues:103:5)
    at async initDB (file:///app/dist/index.js:9:9)
    at async startServer (file:///app/dist/index.js:21:9)
2026-07-05T06:31:11.704Z [INFO] Redis connected
2026-07-05T06:31:12.520Z [ERROR] Database connection failed Error connecting to database: TypeError: fetch failed
NeonDbError: Error connecting to database: TypeError: fetch failed
    at dr.execute (file:///app/node_modules/@neondatabase/serverless/index.mjs:1292:95)
    at process.processTicksAndRejections (node:internal/process/task_queues:103:5)
    at async initDB (file:///app/dist/index.js:9:9)
    at async startServer (file:///app/dist/index.js:21:9)
2026-07-05T06:31:13.726Z [INFO] Redis connected
2026-07-05T06:31:14.542Z [ERROR] Database connection failed Error connecting to database: TypeError: fetch failed
NeonDbError: Error connecting to database: TypeError: fetch failed
    at dr.execute (file:///app/node_modules/@neondatabase/serverless/index.mjs:1292:95)
    at process.processTicksAndRejections (node:internal/process/task_queues:103:5)
    at async initDB (file:///app/dist/index.js:9:9)
    at async startServer (file:///app/dist/index.js:21:9)
2026-07-05T06:31:15.964Z [INFO] Redis connected
2026-07-05T06:31:16.771Z [ERROR] Database connection failed Error connecting to database: TypeError: fetch failed
NeonDbError: Error connecting to database: TypeError: fetch failed
    at dr.execute (file:///app/node_modules/@neondatabase/serverless/index.mjs:1292:95)
    at process.processTicksAndRejections (node:internal/process/task_queues:103:5)
    at async initDB (file:///app/dist/index.js:9:9)
    at async startServer (file:///app/dist/index.js:21:9)
2026-07-05T06:31:18.700Z [INFO] Redis connected
2026-07-05T06:31:20.299Z [INFO] Database connected
2026-07-05T06:31:20.304Z [INFO] Server running on port 3000
2026-07-05T06:33:01.920Z [ERROR] getaddrinfo ENOTFOUND redis
Error: getaddrinfo ENOTFOUND redis
    at GetAddrInfoReqWrap.onlookupall [as oncomplete] (node:dns:120:26)
2026-07-05T06:33:01.924Z [WARN] Redis reconnecting
2026-07-05T06:33:04.642Z [ERROR] getaddrinfo ENOTFOUND redis
Error: getaddrinfo ENOTFOUND redis
    at GetAddrInfoReqWrap.onlookupall [as oncomplete] (node:dns:120:26)
2026-07-05T06:33:04.750Z [WARN] Redis reconnecting
2026-07-05T06:33:31.227Z [ERROR] getaddrinfo ENOTFOUND redis
Error: getaddrinfo ENOTFOUND redis
    at GetAddrInfoReqWrap.onlookupall [as oncomplete] (node:dns:120:26)
2026-07-05T06:33:31.241Z [WARN] Redis reconnecting
2026-07-05T06:33:33.945Z [ERROR] getaddrinfo ENOTFOUND redis
Error: getaddrinfo ENOTFOUND redis
    at GetAddrInfoReqWrap.onlookupall [as oncomplete] (node:dns:120:26)
2026-07-05T06:33:34.053Z [WARN] Redis reconnecting
2026-07-05T06:33:36.745Z [ERROR] getaddrinfo ENOTFOUND redis
Error: getaddrinfo ENOTFOUND redis
    at GetAddrInfoReqWrap.onlookupall [as oncomplete] (node:dns:120:26)
2026-07-05T06:33:36.960Z [WARN] Redis reconnecting
2026-07-05T06:33:39.660Z [ERROR] getaddrinfo ENOTFOUND redis
Error: getaddrinfo ENOTFOUND redis
    at GetAddrInfoReqWrap.onlookupall [as oncomplete] (node:dns:120:26)
2026-07-05T06:33:39.969Z [WARN] Redis reconnecting
2026-07-05T06:33:42.679Z [ERROR] getaddrinfo ENOTFOUND redis
Error: getaddrinfo ENOTFOUND redis
    at GetAddrInfoReqWrap.onlookupall [as oncomplete] (node:dns:120:26)
2026-07-05T06:33:43.083Z [WARN] Redis reconnecting
2026-07-05T06:33:45.796Z [ERROR] getaddrinfo ENOTFOUND redis
Error: getaddrinfo ENOTFOUND redis
    at GetAddrInfoReqWrap.onlookupall [as oncomplete] (node:dns:120:26)
2026-07-05T06:33:46.310Z [WARN] Redis reconnecting
2026-07-05T06:33:48.998Z [ERROR] getaddrinfo ENOTFOUND redis
Error: getaddrinfo ENOTFOUND redis
    at GetAddrInfoReqWrap.onlookupall [as oncomplete] (node:dns:120:26)
2026-07-05T06:33:49.600Z [WARN] Redis reconnecting
2026-07-05T06:33:52.316Z [ERROR] getaddrinfo ENOTFOUND redis
Error: getaddrinfo ENOTFOUND redis
    at GetAddrInfoReqWrap.onlookupall [as oncomplete] (node:dns:120:26)
2026-07-05T06:33:53.018Z [WARN] Redis reconnecting
2026-07-05T06:33:55.718Z [ERROR] getaddrinfo ENOTFOUND redis
Error: getaddrinfo ENOTFOUND redis
    at GetAddrInfoReqWrap.onlookupall [as oncomplete] (node:dns:120:26)
2026-07-05T06:33:56.522Z [WARN] Redis reconnecting
2026-07-05T06:33:59.218Z [ERROR] getaddrinfo ENOTFOUND redis
Error: getaddrinfo ENOTFOUND redis
    at GetAddrInfoReqWrap.onlookupall [as oncomplete] (node:dns:120:26)
2026-07-05T06:34:00.120Z [WARN] Redis reconnecting
2026-07-05T06:34:02.838Z [ERROR] getaddrinfo ENOTFOUND redis
Error: getaddrinfo ENOTFOUND redis
    at GetAddrInfoReqWrap.onlookupall [as oncomplete] (node:dns:120:26)
2026-07-05T06:34:03.849Z [WARN] Redis reconnecting
2026-07-05T06:37:58.517Z [INFO] Redis connected
2026-07-05T06:37:59.563Z [ERROR] Database connection failed Error connecting to database: TypeError: fetch failed
NeonDbError: Error connecting to database: TypeError: fetch failed
    at dr.execute (file:///app/node_modules/@neondatabase/serverless/index.mjs:1292:95)
    at process.processTicksAndRejections (node:internal/process/task_queues:103:5)
    at async initDB (file:///app/dist/index.js:9:9)
    at async startServer (file:///app/dist/index.js:21:9)
2026-07-05T06:38:00.841Z [INFO] Redis connected
2026-07-05T06:38:01.712Z [ERROR] Database connection failed Error connecting to database: TypeError: fetch failed
NeonDbError: Error connecting to database: TypeError: fetch failed
    at dr.execute (file:///app/node_modules/@neondatabase/serverless/index.mjs:1292:95)
    at process.processTicksAndRejections (node:internal/process/task_queues:103:5)
    at async initDB (file:///app/dist/index.js:9:9)
    at async startServer (file:///app/dist/index.js:21:9)
2026-07-05T06:38:02.976Z [INFO] Redis connected
2026-07-05T06:38:05.187Z [INFO] Database connected
2026-07-05T06:38:05.196Z [INFO] Server running on port 3000
2026-07-05T06:38:23.789Z [INFO] Redis connected
2026-07-05T06:38:24.598Z [ERROR] Database connection failed Error connecting to database: TypeError: fetch failed
NeonDbError: Error connecting to database: TypeError: fetch failed
    at dr.execute (file:///app/node_modules/@neondatabase/serverless/index.mjs:1292:95)
    at process.processTicksAndRejections (node:internal/process/task_queues:103:5)
    at async initDB (file:///app/dist/index.js:9:9)
    at async startServer (file:///app/dist/index.js:21:9)
2026-07-05T06:38:25.741Z [INFO] Redis connected
2026-07-05T06:38:26.546Z [ERROR] Database connection failed Error connecting to database: TypeError: fetch failed
NeonDbError: Error connecting to database: TypeError: fetch failed
    at dr.execute (file:///app/node_modules/@neondatabase/serverless/index.mjs:1292:95)
    at process.processTicksAndRejections (node:internal/process/task_queues:103:5)
    at async initDB (file:///app/dist/index.js:9:9)
    at async startServer (file:///app/dist/index.js:21:9)
2026-07-05T06:38:27.864Z [INFO] Redis connected
2026-07-05T06:38:28.670Z [ERROR] Database connection failed Error connecting to database: TypeError: fetch failed
NeonDbError: Error connecting to database: TypeError: fetch failed
    at dr.execute (file:///app/node_modules/@neondatabase/serverless/index.mjs:1292:95)
    at process.processTicksAndRejections (node:internal/process/task_queues:103:5)
    at async initDB (file:///app/dist/index.js:9:9)
    at async startServer (file:///app/dist/index.js:21:9)
2026-07-05T06:38:30.084Z [INFO] Redis connected
2026-07-05T06:38:30.895Z [ERROR] Database connection failed Error connecting to database: TypeError: fetch failed
NeonDbError: Error connecting to database: TypeError: fetch failed
    at dr.execute (file:///app/node_modules/@neondatabase/serverless/index.mjs:1292:95)
    at process.processTicksAndRejections (node:internal/process/task_queues:103:5)
    at async initDB (file:///app/dist/index.js:9:9)
    at async startServer (file:///app/dist/index.js:21:9)
2026-07-05T06:38:32.737Z [INFO] Redis connected
2026-07-05T06:38:33.543Z [ERROR] Database connection failed Error connecting to database: TypeError: fetch failed
NeonDbError: Error connecting to database: TypeError: fetch failed
    at dr.execute (file:///app/node_modules/@neondatabase/serverless/index.mjs:1292:95)
    at process.processTicksAndRejections (node:internal/process/task_queues:103:5)
    at async initDB (file:///app/dist/index.js:9:9)
    at async startServer (file:///app/dist/index.js:21:9)
2026-07-05T06:38:36.094Z [INFO] Redis connected
2026-07-05T06:38:36.905Z [ERROR] Database connection failed Error connecting to database: TypeError: fetch failed
NeonDbError: Error connecting to database: TypeError: fetch failed
    at dr.execute (file:///app/node_modules/@neondatabase/serverless/index.mjs:1292:95)
    at process.processTicksAndRejections (node:internal/process/task_queues:103:5)
    at async initDB (file:///app/dist/index.js:9:9)
    at async startServer (file:///app/dist/index.js:21:9)
2026-07-05T06:38:41.126Z [INFO] Redis connected
2026-07-05T06:38:41.943Z [ERROR] Database connection failed Error connecting to database: TypeError: fetch failed
NeonDbError: Error connecting to database: TypeError: fetch failed
    at dr.execute (file:///app/node_modules/@neondatabase/serverless/index.mjs:1292:95)
    at process.processTicksAndRejections (node:internal/process/task_queues:103:5)
    at async initDB (file:///app/dist/index.js:9:9)
    at async startServer (file:///app/dist/index.js:21:9)
2026-07-05T06:38:49.247Z [INFO] Redis connected
2026-07-05T06:38:50.062Z [INFO] Database connected
2026-07-05T06:38:50.067Z [INFO] Server running on port 3000
2026-07-05T06:43:03.721Z [ERROR] getaddrinfo ENOTFOUND redis
Error: getaddrinfo ENOTFOUND redis
    at GetAddrInfoReqWrap.onlookupall [as oncomplete] (node:dns:120:26)
2026-07-05T06:43:03.724Z [WARN] Redis reconnecting
2026-07-05T06:43:06.422Z [ERROR] getaddrinfo ENOTFOUND redis
Error: getaddrinfo ENOTFOUND redis
    at GetAddrInfoReqWrap.onlookupall [as oncomplete] (node:dns:120:26)
2026-07-05T06:43:06.531Z [WARN] Redis reconnecting
2026-07-05T06:43:20.249Z [INFO] Database connected
2026-07-05T06:43:20.257Z [INFO] Server running on port 3000
2026-07-05T06:43:32.364Z [ERROR] getaddrinfo ENOTFOUND redis
Error: getaddrinfo ENOTFOUND redis
    at GetAddrInfoReqWrap.onlookupall [as oncomplete] (node:dns:120:26)
2026-07-05T06:43:32.369Z [WARN] Redis reconnecting
2026-07-05T06:43:35.090Z [ERROR] getaddrinfo ENOTFOUND redis
Error: getaddrinfo ENOTFOUND redis
    at GetAddrInfoReqWrap.onlookupall [as oncomplete] (node:dns:120:26)
2026-07-05T06:43:35.196Z [WARN] Redis reconnecting
2026-07-05T06:43:37.902Z [ERROR] getaddrinfo ENOTFOUND redis
Error: getaddrinfo ENOTFOUND redis
    at GetAddrInfoReqWrap.onlookupall [as oncomplete] (node:dns:120:26)
2026-07-05T06:43:38.105Z [WARN] Redis reconnecting
2026-07-05T06:43:40.818Z [ERROR] getaddrinfo ENOTFOUND redis
Error: getaddrinfo ENOTFOUND redis
    at GetAddrInfoReqWrap.onlookupall [as oncomplete] (node:dns:120:26)
2026-07-05T06:43:41.130Z [WARN] Redis reconnecting
2026-07-05T06:43:43.850Z [ERROR] getaddrinfo ENOTFOUND redis
Error: getaddrinfo ENOTFOUND redis
    at GetAddrInfoReqWrap.onlookupall [as oncomplete] (node:dns:120:26)
2026-07-05T06:43:44.253Z [WARN] Redis reconnecting
2026-07-05T06:43:46.962Z [ERROR] getaddrinfo ENOTFOUND redis
Error: getaddrinfo ENOTFOUND redis
    at GetAddrInfoReqWrap.onlookupall [as oncomplete] (node:dns:120:26)
2026-07-05T06:47:30.485Z [INFO] Redis connected
2026-07-05T06:47:30.500Z [INFO] sql: function D(P,...I){if(!(Array.isArray(P)&&Array.isArray(P.raw)&&
Array.isArray(I)))throw new Error('This function can now be called only as a tagged-template functio\
n: sql`SELECT ${value}`, not sql("SELECT $1", [value], options). For a conventional function call wi\
th value placeholders ($1, $2, etc.), use sql.query("SELECT $1", [value], options).');return new Ce(
Y,new $e(P,I))}
2026-07-05T06:47:31.449Z [ERROR] Database connection failed Error connecting to database: TypeError: fetch failed
NeonDbError: Error connecting to database: TypeError: fetch failed
    at dr.execute (file:///app/node_modules/@neondatabase/serverless/index.mjs:1292:95)
    at process.processTicksAndRejections (node:internal/process/task_queues:103:5)
    at async initDB (file:///app/dist/index.js:10:9)
    at async startServer (file:///app/dist/index.js:22:9)
2026-07-05T06:47:32.556Z [INFO] Redis connected
2026-07-05T06:47:32.574Z [INFO] sql: function D(P,...I){if(!(Array.isArray(P)&&Array.isArray(P.raw)&&
Array.isArray(I)))throw new Error('This function can now be called only as a tagged-template functio\
n: sql`SELECT ${value}`, not sql("SELECT $1", [value], options). For a conventional function call wi\
th value placeholders ($1, $2, etc.), use sql.query("SELECT $1", [value], options).');return new Ce(
Y,new $e(P,I))}
2026-07-05T06:47:33.403Z [ERROR] Database connection failed Error connecting to database: TypeError: fetch failed
NeonDbError: Error connecting to database: TypeError: fetch failed
    at dr.execute (file:///app/node_modules/@neondatabase/serverless/index.mjs:1292:95)
    at process.processTicksAndRejections (node:internal/process/task_queues:103:5)
    at async initDB (file:///app/dist/index.js:10:9)
    at async startServer (file:///app/dist/index.js:22:9)
2026-07-05T06:47:34.489Z [INFO] Redis connected
2026-07-05T06:47:34.499Z [INFO] sql: function D(P,...I){if(!(Array.isArray(P)&&Array.isArray(P.raw)&&
Array.isArray(I)))throw new Error('This function can now be called only as a tagged-template functio\
n: sql`SELECT ${value}`, not sql("SELECT $1", [value], options). For a conventional function call wi\
th value placeholders ($1, $2, etc.), use sql.query("SELECT $1", [value], options).');return new Ce(
Y,new $e(P,I))}
2026-07-05T06:47:35.297Z [ERROR] Database connection failed Error connecting to database: TypeError: fetch failed
NeonDbError: Error connecting to database: TypeError: fetch failed
    at dr.execute (file:///app/node_modules/@neondatabase/serverless/index.mjs:1292:95)
    at process.processTicksAndRejections (node:internal/process/task_queues:103:5)
    at async initDB (file:///app/dist/index.js:10:9)
    at async startServer (file:///app/dist/index.js:22:9)
2026-07-05T06:47:36.607Z [INFO] Redis connected
2026-07-05T06:47:36.615Z [INFO] sql: function D(P,...I){if(!(Array.isArray(P)&&Array.isArray(P.raw)&&
Array.isArray(I)))throw new Error('This function can now be called only as a tagged-template functio\
n: sql`SELECT ${value}`, not sql("SELECT $1", [value], options). For a conventional function call wi\
th value placeholders ($1, $2, etc.), use sql.query("SELECT $1", [value], options).');return new Ce(
Y,new $e(P,I))}
2026-07-05T06:47:37.408Z [ERROR] Database connection failed Error connecting to database: TypeError: fetch failed
NeonDbError: Error connecting to database: TypeError: fetch failed
    at dr.execute (file:///app/node_modules/@neondatabase/serverless/index.mjs:1292:95)
    at process.processTicksAndRejections (node:internal/process/task_queues:103:5)
    at async initDB (file:///app/dist/index.js:10:9)
    at async startServer (file:///app/dist/index.js:22:9)
2026-07-05T06:49:12.312Z [INFO] Redis connected
2026-07-05T06:49:12.326Z [INFO] sqlsql: postgresql://neondb_owner:npg_y65DvfVYUEqQ@ep-bitter-math-atm362dh-pooler.c-9.us-east-1.aws.neon.tech/neondb?sslmode=require&channel_binding=require
2026-07-05T06:49:13.742Z [INFO] Database connected
2026-07-05T06:49:13.748Z [INFO] Server running on port 3000
2026-07-05T06:49:58.526Z [ERROR] Socket closed unexpectedly
Error: Socket closed unexpectedly
    at Socket.<anonymous> (/app/node_modules/@redis/client/dist/lib/client/socket.js:271:33)
    at Object.onceWrapper (node:events:634:26)
    at Socket.emit (node:events:519:28)
    at TCP.<anonymous> (node:net:347:12)
2026-07-05T06:49:58.530Z [WARN] Redis reconnecting
2026-07-05T06:49:58.534Z [ERROR] connect ECONNREFUSED 172.19.0.2:6379
Error: connect ECONNREFUSED 172.19.0.2:6379
    at TCPConnectWrap.afterConnect [as oncomplete] (node:net:1638:16)
2026-07-05T06:49:58.536Z [WARN] Redis reconnecting
2026-07-05T06:50:07.616Z [INFO] Redis connected
2026-07-05T06:50:09.842Z [INFO] Database connected
2026-07-05T06:50:09.848Z [INFO] Server running on port 3000
2026-07-05T06:51:30.986Z [INFO] Redis connected
2026-07-05T06:51:31.835Z [INFO] Database connected
2026-07-05T06:51:31.847Z [INFO] Server running on port 3000
2026-07-05T06:51:53.615Z [ERROR] getaddrinfo ENOTFOUND redis
Error: getaddrinfo ENOTFOUND redis
    at GetAddrInfoReqWrap.onlookupall [as oncomplete] (node:dns:120:26)
2026-07-05T06:51:53.623Z [WARN] Redis reconnecting
2026-07-05T06:51:56.331Z [ERROR] getaddrinfo ENOTFOUND redis
Error: getaddrinfo ENOTFOUND redis
    at GetAddrInfoReqWrap.onlookupall [as oncomplete] (node:dns:120:26)
2026-07-05T06:51:56.441Z [WARN] Redis reconnecting
2026-07-05T06:51:59.154Z [ERROR] getaddrinfo ENOTFOUND redis
Error: getaddrinfo ENOTFOUND redis
    at GetAddrInfoReqWrap.onlookupall [as oncomplete] (node:dns:120:26)
2026-07-05T06:51:59.370Z [WARN] Redis reconnecting
2026-07-05T06:52:02.074Z [ERROR] getaddrinfo ENOTFOUND redis
Error: getaddrinfo ENOTFOUND redis
    at GetAddrInfoReqWrap.onlookupall [as oncomplete] (node:dns:120:26)
2026-07-05T06:52:02.385Z [WARN] Redis reconnecting
2026-07-05T06:52:05.085Z [ERROR] getaddrinfo ENOTFOUND redis
Error: getaddrinfo ENOTFOUND redis
    at GetAddrInfoReqWrap.onlookupall [as oncomplete] (node:dns:120:26)
2026-07-05T06:52:05.491Z [WARN] Redis reconnecting
2026-07-05T06:52:08.175Z [ERROR] getaddrinfo ENOTFOUND redis
Error: getaddrinfo ENOTFOUND redis
    at GetAddrInfoReqWrap.onlookupall [as oncomplete] (node:dns:120:26)
2026-07-05T06:52:08.691Z [WARN] Redis reconnecting
2026-07-05T06:53:51.813Z [INFO] Redis connected
2026-07-05T06:53:51.824Z [ERROR] ERR unknown command 'HELLO'
Error: ERR unknown command 'HELLO'
    at #decodeSimpleError (D:\Learn\01\surat_community\backend\new\node_modules\@redis\client\dist\lib\RESP\decoder.js:460:13)
    at #decodeTypeValue (D:\Learn\01\surat_community\backend\new\node_modules\@redis\client\dist\lib\RESP\decoder.js:105:91)
    at Decoder.write (D:\Learn\01\surat_community\backend\new\node_modules\@redis\client\dist\lib\RESP\decoder.js:75:38)
    at RedisSocket.<anonymous> (D:\Learn\01\surat_community\backend\new\node_modules\@redis\client\dist\lib\client\index.js:587:37)
    at RedisSocket.emit (node:events:524:28)
    at Socket.<anonymous> (D:\Learn\01\surat_community\backend\new\node_modules\@redis\client\dist\lib\client\socket.js:274:38)
    at Socket.emit (node:events:524:28)
    at addChunk (node:internal/streams/readable:561:12)
    at readableAddChunkPushByteMode (node:internal/streams/readable:512:3)
    at Readable.push (node:internal/streams/readable:392:5)
2026-07-05T06:53:51.827Z [WARN] Redis reconnecting
2026-07-05T06:53:51.830Z [INFO] Redis connected
2026-07-05T06:53:51.832Z [ERROR] ERR unknown command 'HELLO'
Error: ERR unknown command 'HELLO'
    at #decodeSimpleError (D:\Learn\01\surat_community\backend\new\node_modules\@redis\client\dist\lib\RESP\decoder.js:460:13)
    at #decodeTypeValue (D:\Learn\01\surat_community\backend\new\node_modules\@redis\client\dist\lib\RESP\decoder.js:105:91)
    at Decoder.write (D:\Learn\01\surat_community\backend\new\node_modules\@redis\client\dist\lib\RESP\decoder.js:75:38)
    at RedisSocket.<anonymous> (D:\Learn\01\surat_community\backend\new\node_modules\@redis\client\dist\lib\client\index.js:587:37)
    at RedisSocket.emit (node:events:524:28)
    at Socket.<anonymous> (D:\Learn\01\surat_community\backend\new\node_modules\@redis\client\dist\lib\client\socket.js:274:38)
    at Socket.emit (node:events:524:28)
    at addChunk (node:internal/streams/readable:561:12)
    at readableAddChunkPushByteMode (node:internal/streams/readable:512:3)
    at Readable.push (node:internal/streams/readable:392:5)
2026-07-05T06:53:51.940Z [WARN] Redis reconnecting
2026-07-05T06:53:51.943Z [INFO] Redis connected
2026-07-05T06:53:51.948Z [ERROR] ERR unknown command 'HELLO'
Error: ERR unknown command 'HELLO'
    at #decodeSimpleError (D:\Learn\01\surat_community\backend\new\node_modules\@redis\client\dist\lib\RESP\decoder.js:460:13)
    at #decodeTypeValue (D:\Learn\01\surat_community\backend\new\node_modules\@redis\client\dist\lib\RESP\decoder.js:105:91)
    at Decoder.write (D:\Learn\01\surat_community\backend\new\node_modules\@redis\client\dist\lib\RESP\decoder.js:75:38)
    at RedisSocket.<anonymous> (D:\Learn\01\surat_community\backend\new\node_modules\@redis\client\dist\lib\client\index.js:587:37)
    at RedisSocket.emit (node:events:524:28)
    at Socket.<anonymous> (D:\Learn\01\surat_community\backend\new\node_modules\@redis\client\dist\lib\client\socket.js:274:38)
    at Socket.emit (node:events:524:28)
    at addChunk (node:internal/streams/readable:561:12)
    at readableAddChunkPushByteMode (node:internal/streams/readable:512:3)
    at Readable.push (node:internal/streams/readable:392:5)
2026-07-05T06:53:52.156Z [WARN] Redis reconnecting
2026-07-05T06:53:52.160Z [INFO] Redis connected
2026-07-05T06:53:52.164Z [ERROR] ERR unknown command 'HELLO'
Error: ERR unknown command 'HELLO'
    at #decodeSimpleError (D:\Learn\01\surat_community\backend\new\node_modules\@redis\client\dist\lib\RESP\decoder.js:460:13)
    at #decodeTypeValue (D:\Learn\01\surat_community\backend\new\node_modules\@redis\client\dist\lib\RESP\decoder.js:105:91)
    at Decoder.write (D:\Learn\01\surat_community\backend\new\node_modules\@redis\client\dist\lib\RESP\decoder.js:75:38)
    at RedisSocket.<anonymous> (D:\Learn\01\surat_community\backend\new\node_modules\@redis\client\dist\lib\client\index.js:587:37)
    at RedisSocket.emit (node:events:524:28)
    at Socket.<anonymous> (D:\Learn\01\surat_community\backend\new\node_modules\@redis\client\dist\lib\client\socket.js:274:38)
    at Socket.emit (node:events:524:28)
    at addChunk (node:internal/streams/readable:561:12)
    at readableAddChunkPushByteMode (node:internal/streams/readable:512:3)
    at Readable.push (node:internal/streams/readable:392:5)
2026-07-05T06:53:52.467Z [WARN] Redis reconnecting
2026-07-05T06:53:52.470Z [INFO] Redis connected
2026-07-05T06:53:52.471Z [ERROR] ERR unknown command 'HELLO'
Error: ERR unknown command 'HELLO'
    at #decodeSimpleError (D:\Learn\01\surat_community\backend\new\node_modules\@redis\client\dist\lib\RESP\decoder.js:460:13)
    at #decodeTypeValue (D:\Learn\01\surat_community\backend\new\node_modules\@redis\client\dist\lib\RESP\decoder.js:105:91)
    at Decoder.write (D:\Learn\01\surat_community\backend\new\node_modules\@redis\client\dist\lib\RESP\decoder.js:75:38)
    at RedisSocket.<anonymous> (D:\Learn\01\surat_community\backend\new\node_modules\@redis\client\dist\lib\client\index.js:587:37)
    at RedisSocket.emit (node:events:524:28)
    at Socket.<anonymous> (D:\Learn\01\surat_community\backend\new\node_modules\@redis\client\dist\lib\client\socket.js:274:38)
    at Socket.emit (node:events:524:28)
    at addChunk (node:internal/streams/readable:561:12)
    at readableAddChunkPushByteMode (node:internal/streams/readable:512:3)
    at Readable.push (node:internal/streams/readable:392:5)
2026-07-05T06:53:52.874Z [WARN] Redis reconnecting
2026-07-05T06:53:52.877Z [INFO] Redis connected
2026-07-05T06:53:52.878Z [ERROR] ERR unknown command 'HELLO'
Error: ERR unknown command 'HELLO'
    at #decodeSimpleError (D:\Learn\01\surat_community\backend\new\node_modules\@redis\client\dist\lib\RESP\decoder.js:460:13)
    at #decodeTypeValue (D:\Learn\01\surat_community\backend\new\node_modules\@redis\client\dist\lib\RESP\decoder.js:105:91)
    at Decoder.write (D:\Learn\01\surat_community\backend\new\node_modules\@redis\client\dist\lib\RESP\decoder.js:75:38)
    at RedisSocket.<anonymous> (D:\Learn\01\surat_community\backend\new\node_modules\@redis\client\dist\lib\client\index.js:587:37)
    at RedisSocket.emit (node:events:524:28)
    at Socket.<anonymous> (D:\Learn\01\surat_community\backend\new\node_modules\@redis\client\dist\lib\client\socket.js:274:38)
    at Socket.emit (node:events:524:28)
    at addChunk (node:internal/streams/readable:561:12)
    at readableAddChunkPushByteMode (node:internal/streams/readable:512:3)
    at Readable.push (node:internal/streams/readable:392:5)
2026-07-05T06:53:53.390Z [WARN] Redis reconnecting
2026-07-05T06:53:53.392Z [INFO] Redis connected
2026-07-05T06:53:53.394Z [ERROR] ERR unknown command 'HELLO'
Error: ERR unknown command 'HELLO'
    at #decodeSimpleError (D:\Learn\01\surat_community\backend\new\node_modules\@redis\client\dist\lib\RESP\decoder.js:460:13)
    at #decodeTypeValue (D:\Learn\01\surat_community\backend\new\node_modules\@redis\client\dist\lib\RESP\decoder.js:105:91)
    at Decoder.write (D:\Learn\01\surat_community\backend\new\node_modules\@redis\client\dist\lib\RESP\decoder.js:75:38)
    at RedisSocket.<anonymous> (D:\Learn\01\surat_community\backend\new\node_modules\@redis\client\dist\lib\client\index.js:587:37)
    at RedisSocket.emit (node:events:524:28)
    at Socket.<anonymous> (D:\Learn\01\surat_community\backend\new\node_modules\@redis\client\dist\lib\client\socket.js:274:38)
    at Socket.emit (node:events:524:28)
    at addChunk (node:internal/streams/readable:561:12)
    at readableAddChunkPushByteMode (node:internal/streams/readable:512:3)
    at Readable.push (node:internal/streams/readable:392:5)
2026-07-05T06:53:54.001Z [WARN] Redis reconnecting
2026-07-05T06:53:54.009Z [INFO] Redis connected
2026-07-05T06:53:54.019Z [ERROR] ERR unknown command 'HELLO'
Error: ERR unknown command 'HELLO'
    at #decodeSimpleError (D:\Learn\01\surat_community\backend\new\node_modules\@redis\client\dist\lib\RESP\decoder.js:460:13)
    at #decodeTypeValue (D:\Learn\01\surat_community\backend\new\node_modules\@redis\client\dist\lib\RESP\decoder.js:105:91)
    at Decoder.write (D:\Learn\01\surat_community\backend\new\node_modules\@redis\client\dist\lib\RESP\decoder.js:75:38)
    at RedisSocket.<anonymous> (D:\Learn\01\surat_community\backend\new\node_modules\@redis\client\dist\lib\client\index.js:587:37)
    at RedisSocket.emit (node:events:524:28)
    at Socket.<anonymous> (D:\Learn\01\surat_community\backend\new\node_modules\@redis\client\dist\lib\client\socket.js:274:38)
    at Socket.emit (node:events:524:28)
    at addChunk (node:internal/streams/readable:561:12)
    at readableAddChunkPushByteMode (node:internal/streams/readable:512:3)
    at Readable.push (node:internal/streams/readable:392:5)
2026-07-05T06:53:54.736Z [WARN] Redis reconnecting
2026-07-05T06:53:54.753Z [INFO] Redis connected
2026-07-05T06:53:54.777Z [ERROR] ERR unknown command 'HELLO'
Error: ERR unknown command 'HELLO'
    at #decodeSimpleError (D:\Learn\01\surat_community\backend\new\node_modules\@redis\client\dist\lib\RESP\decoder.js:460:13)
    at #decodeTypeValue (D:\Learn\01\surat_community\backend\new\node_modules\@redis\client\dist\lib\RESP\decoder.js:105:91)
    at Decoder.write (D:\Learn\01\surat_community\backend\new\node_modules\@redis\client\dist\lib\RESP\decoder.js:75:38)
    at RedisSocket.<anonymous> (D:\Learn\01\surat_community\backend\new\node_modules\@redis\client\dist\lib\client\index.js:587:37)
    at RedisSocket.emit (node:events:524:28)
    at Socket.<anonymous> (D:\Learn\01\surat_community\backend\new\node_modules\@redis\client\dist\lib\client\socket.js:274:38)
    at Socket.emit (node:events:524:28)
    at addChunk (node:internal/streams/readable:561:12)
    at readableAddChunkPushByteMode (node:internal/streams/readable:512:3)
    at Readable.push (node:internal/streams/readable:392:5)
2026-07-05T06:53:55.666Z [WARN] Redis reconnecting
2026-07-05T06:53:55.743Z [INFO] Redis connected
2026-07-05T06:53:55.834Z [ERROR] ERR unknown command 'HELLO'
Error: ERR unknown command 'HELLO'
    at #decodeSimpleError (D:\Learn\01\surat_community\backend\new\node_modules\@redis\client\dist\lib\RESP\decoder.js:460:13)
    at #decodeTypeValue (D:\Learn\01\surat_community\backend\new\node_modules\@redis\client\dist\lib\RESP\decoder.js:105:91)
    at Decoder.write (D:\Learn\01\surat_community\backend\new\node_modules\@redis\client\dist\lib\RESP\decoder.js:75:38)
    at RedisSocket.<anonymous> (D:\Learn\01\surat_community\backend\new\node_modules\@redis\client\dist\lib\client\index.js:587:37)
    at RedisSocket.emit (node:events:524:28)
    at Socket.<anonymous> (D:\Learn\01\surat_community\backend\new\node_modules\@redis\client\dist\lib\client\socket.js:274:38)
    at Socket.emit (node:events:524:28)
    at addChunk (node:internal/streams/readable:561:12)
    at readableAddChunkPushByteMode (node:internal/streams/readable:512:3)
    at Readable.push (node:internal/streams/readable:392:5)
2026-07-05T06:53:58.851Z [INFO] Redis connected
2026-07-05T06:53:58.870Z [ERROR] ERR unknown command 'HELLO'
Error: ERR unknown command 'HELLO'
    at #decodeSimpleError (D:\Learn\01\surat_community\backend\new\node_modules\@redis\client\dist\lib\RESP\decoder.js:460:13)
    at #decodeTypeValue (D:\Learn\01\surat_community\backend\new\node_modules\@redis\client\dist\lib\RESP\decoder.js:105:91)
    at Decoder.write (D:\Learn\01\surat_community\backend\new\node_modules\@redis\client\dist\lib\RESP\decoder.js:75:38)
    at RedisSocket.<anonymous> (D:\Learn\01\surat_community\backend\new\node_modules\@redis\client\dist\lib\client\index.js:587:37)
    at RedisSocket.emit (node:events:524:28)
    at Socket.<anonymous> (D:\Learn\01\surat_community\backend\new\node_modules\@redis\client\dist\lib\client\socket.js:274:38)
    at Socket.emit (node:events:524:28)
    at addChunk (node:internal/streams/readable:561:12)
    at readableAddChunkPushByteMode (node:internal/streams/readable:512:3)
    at Readable.push (node:internal/streams/readable:392:5)
2026-07-05T06:53:58.887Z [WARN] Redis reconnecting
2026-07-05T06:53:58.891Z [INFO] Redis connected
2026-07-05T06:53:58.895Z [ERROR] ERR unknown command 'HELLO'
Error: ERR unknown command 'HELLO'
    at #decodeSimpleError (D:\Learn\01\surat_community\backend\new\node_modules\@redis\client\dist\lib\RESP\decoder.js:460:13)
    at #decodeTypeValue (D:\Learn\01\surat_community\backend\new\node_modules\@redis\client\dist\lib\RESP\decoder.js:105:91)
    at Decoder.write (D:\Learn\01\surat_community\backend\new\node_modules\@redis\client\dist\lib\RESP\decoder.js:75:38)
    at RedisSocket.<anonymous> (D:\Learn\01\surat_community\backend\new\node_modules\@redis\client\dist\lib\client\index.js:587:37)
    at RedisSocket.emit (node:events:524:28)
    at Socket.<anonymous> (D:\Learn\01\surat_community\backend\new\node_modules\@redis\client\dist\lib\client\socket.js:274:38)
    at Socket.emit (node:events:524:28)
    at addChunk (node:internal/streams/readable:561:12)
    at readableAddChunkPushByteMode (node:internal/streams/readable:512:3)
    at Readable.push (node:internal/streams/readable:392:5)
2026-07-05T06:53:59.010Z [WARN] Redis reconnecting
2026-07-05T06:53:59.012Z [INFO] Redis connected
2026-07-05T06:53:59.016Z [ERROR] ERR unknown command 'HELLO'
Error: ERR unknown command 'HELLO'
    at #decodeSimpleError (D:\Learn\01\surat_community\backend\new\node_modules\@redis\client\dist\lib\RESP\decoder.js:460:13)
    at #decodeTypeValue (D:\Learn\01\surat_community\backend\new\node_modules\@redis\client\dist\lib\RESP\decoder.js:105:91)
    at Decoder.write (D:\Learn\01\surat_community\backend\new\node_modules\@redis\client\dist\lib\RESP\decoder.js:75:38)
    at RedisSocket.<anonymous> (D:\Learn\01\surat_community\backend\new\node_modules\@redis\client\dist\lib\client\index.js:587:37)
    at RedisSocket.emit (node:events:524:28)
    at Socket.<anonymous> (D:\Learn\01\surat_community\backend\new\node_modules\@redis\client\dist\lib\client\socket.js:274:38)
    at Socket.emit (node:events:524:28)
    at addChunk (node:internal/streams/readable:561:12)
    at readableAddChunkPushByteMode (node:internal/streams/readable:512:3)
    at Readable.push (node:internal/streams/readable:392:5)
2026-07-05T06:53:59.228Z [WARN] Redis reconnecting
2026-07-05T06:53:59.232Z [INFO] Redis connected
2026-07-05T06:53:59.234Z [ERROR] ERR unknown command 'HELLO'
Error: ERR unknown command 'HELLO'
    at #decodeSimpleError (D:\Learn\01\surat_community\backend\new\node_modules\@redis\client\dist\lib\RESP\decoder.js:460:13)
    at #decodeTypeValue (D:\Learn\01\surat_community\backend\new\node_modules\@redis\client\dist\lib\RESP\decoder.js:105:91)
    at Decoder.write (D:\Learn\01\surat_community\backend\new\node_modules\@redis\client\dist\lib\RESP\decoder.js:75:38)
    at RedisSocket.<anonymous> (D:\Learn\01\surat_community\backend\new\node_modules\@redis\client\dist\lib\client\index.js:587:37)
    at RedisSocket.emit (node:events:524:28)
    at Socket.<anonymous> (D:\Learn\01\surat_community\backend\new\node_modules\@redis\client\dist\lib\client\socket.js:274:38)
    at Socket.emit (node:events:524:28)
    at addChunk (node:internal/streams/readable:561:12)
    at readableAddChunkPushByteMode (node:internal/streams/readable:512:3)
    at Readable.push (node:internal/streams/readable:392:5)
2026-07-05T06:53:59.550Z [WARN] Redis reconnecting
2026-07-05T06:53:59.553Z [INFO] Redis connected
2026-07-05T06:53:59.556Z [ERROR] ERR unknown command 'HELLO'
Error: ERR unknown command 'HELLO'
    at #decodeSimpleError (D:\Learn\01\surat_community\backend\new\node_modules\@redis\client\dist\lib\RESP\decoder.js:460:13)
    at #decodeTypeValue (D:\Learn\01\surat_community\backend\new\node_modules\@redis\client\dist\lib\RESP\decoder.js:105:91)
    at Decoder.write (D:\Learn\01\surat_community\backend\new\node_modules\@redis\client\dist\lib\RESP\decoder.js:75:38)
    at RedisSocket.<anonymous> (D:\Learn\01\surat_community\backend\new\node_modules\@redis\client\dist\lib\client\index.js:587:37)
    at RedisSocket.emit (node:events:524:28)
    at Socket.<anonymous> (D:\Learn\01\surat_community\backend\new\node_modules\@redis\client\dist\lib\client\socket.js:274:38)
    at Socket.emit (node:events:524:28)
    at addChunk (node:internal/streams/readable:561:12)
    at readableAddChunkPushByteMode (node:internal/streams/readable:512:3)
    at Readable.push (node:internal/streams/readable:392:5)
2026-07-05T06:53:59.969Z [WARN] Redis reconnecting
2026-07-05T06:53:59.972Z [INFO] Redis connected
2026-07-05T06:53:59.974Z [ERROR] ERR unknown command 'HELLO'
Error: ERR unknown command 'HELLO'
    at #decodeSimpleError (D:\Learn\01\surat_community\backend\new\node_modules\@redis\client\dist\lib\RESP\decoder.js:460:13)
    at #decodeTypeValue (D:\Learn\01\surat_community\backend\new\node_modules\@redis\client\dist\lib\RESP\decoder.js:105:91)
    at Decoder.write (D:\Learn\01\surat_community\backend\new\node_modules\@redis\client\dist\lib\RESP\decoder.js:75:38)
    at RedisSocket.<anonymous> (D:\Learn\01\surat_community\backend\new\node_modules\@redis\client\dist\lib\client\index.js:587:37)
    at RedisSocket.emit (node:events:524:28)
    at Socket.<anonymous> (D:\Learn\01\surat_community\backend\new\node_modules\@redis\client\dist\lib\client\socket.js:274:38)
    at Socket.emit (node:events:524:28)
    at addChunk (node:internal/streams/readable:561:12)
    at readableAddChunkPushByteMode (node:internal/streams/readable:512:3)
    at Readable.push (node:internal/streams/readable:392:5)
2026-07-05T06:54:00.477Z [WARN] Redis reconnecting
2026-07-05T06:54:00.480Z [INFO] Redis connected
2026-07-05T06:54:00.482Z [ERROR] ERR unknown command 'HELLO'
Error: ERR unknown command 'HELLO'
    at #decodeSimpleError (D:\Learn\01\surat_community\backend\new\node_modules\@redis\client\dist\lib\RESP\decoder.js:460:13)
    at #decodeTypeValue (D:\Learn\01\surat_community\backend\new\node_modules\@redis\client\dist\lib\RESP\decoder.js:105:91)
    at Decoder.write (D:\Learn\01\surat_community\backend\new\node_modules\@redis\client\dist\lib\RESP\decoder.js:75:38)
    at RedisSocket.<anonymous> (D:\Learn\01\surat_community\backend\new\node_modules\@redis\client\dist\lib\client\index.js:587:37)
    at RedisSocket.emit (node:events:524:28)
    at Socket.<anonymous> (D:\Learn\01\surat_community\backend\new\node_modules\@redis\client\dist\lib\client\socket.js:274:38)
    at Socket.emit (node:events:524:28)
    at addChunk (node:internal/streams/readable:561:12)
    at readableAddChunkPushByteMode (node:internal/streams/readable:512:3)
    at Readable.push (node:internal/streams/readable:392:5)
2026-07-05T06:54:01.097Z [WARN] Redis reconnecting
2026-07-05T06:54:01.100Z [INFO] Redis connected
2026-07-05T06:54:01.102Z [ERROR] ERR unknown command 'HELLO'
Error: ERR unknown command 'HELLO'
    at #decodeSimpleError (D:\Learn\01\surat_community\backend\new\node_modules\@redis\client\dist\lib\RESP\decoder.js:460:13)
    at #decodeTypeValue (D:\Learn\01\surat_community\backend\new\node_modules\@redis\client\dist\lib\RESP\decoder.js:105:91)
    at Decoder.write (D:\Learn\01\surat_community\backend\new\node_modules\@redis\client\dist\lib\RESP\decoder.js:75:38)
    at RedisSocket.<anonymous> (D:\Learn\01\surat_community\backend\new\node_modules\@redis\client\dist\lib\client\index.js:587:37)
    at RedisSocket.emit (node:events:524:28)
    at Socket.<anonymous> (D:\Learn\01\surat_community\backend\new\node_modules\@redis\client\dist\lib\client\socket.js:274:38)
    at Socket.emit (node:events:524:28)
    at addChunk (node:internal/streams/readable:561:12)
    at readableAddChunkPushByteMode (node:internal/streams/readable:512:3)
    at Readable.push (node:internal/streams/readable:392:5)
2026-07-05T06:54:01.805Z [WARN] Redis reconnecting
2026-07-05T06:54:01.808Z [INFO] Redis connected
2026-07-05T06:54:01.812Z [ERROR] ERR unknown command 'HELLO'
Error: ERR unknown command 'HELLO'
    at #decodeSimpleError (D:\Learn\01\surat_community\backend\new\node_modules\@redis\client\dist\lib\RESP\decoder.js:460:13)
    at #decodeTypeValue (D:\Learn\01\surat_community\backend\new\node_modules\@redis\client\dist\lib\RESP\decoder.js:105:91)
    at Decoder.write (D:\Learn\01\surat_community\backend\new\node_modules\@redis\client\dist\lib\RESP\decoder.js:75:38)
    at RedisSocket.<anonymous> (D:\Learn\01\surat_community\backend\new\node_modules\@redis\client\dist\lib\client\index.js:587:37)
    at RedisSocket.emit (node:events:524:28)
    at Socket.<anonymous> (D:\Learn\01\surat_community\backend\new\node_modules\@redis\client\dist\lib\client\socket.js:274:38)
    at Socket.emit (node:events:524:28)
    at addChunk (node:internal/streams/readable:561:12)
    at readableAddChunkPushByteMode (node:internal/streams/readable:512:3)
    at Readable.push (node:internal/streams/readable:392:5)
2026-07-05T06:54:02.622Z [WARN] Redis reconnecting
2026-07-05T06:54:02.626Z [INFO] Redis connected
2026-07-05T06:54:02.629Z [ERROR] ERR unknown command 'HELLO'
Error: ERR unknown command 'HELLO'
    at #decodeSimpleError (D:\Learn\01\surat_community\backend\new\node_modules\@redis\client\dist\lib\RESP\decoder.js:460:13)
    at #decodeTypeValue (D:\Learn\01\surat_community\backend\new\node_modules\@redis\client\dist\lib\RESP\decoder.js:105:91)
    at Decoder.write (D:\Learn\01\surat_community\backend\new\node_modules\@redis\client\dist\lib\RESP\decoder.js:75:38)
    at RedisSocket.<anonymous> (D:\Learn\01\surat_community\backend\new\node_modules\@redis\client\dist\lib\client\index.js:587:37)
    at RedisSocket.emit (node:events:524:28)
    at Socket.<anonymous> (D:\Learn\01\surat_community\backend\new\node_modules\@redis\client\dist\lib\client\socket.js:274:38)
    at Socket.emit (node:events:524:28)
    at addChunk (node:internal/streams/readable:561:12)
    at readableAddChunkPushByteMode (node:internal/streams/readable:512:3)
    at Readable.push (node:internal/streams/readable:392:5)
2026-07-05T06:54:06.765Z [INFO] Redis connected
2026-07-05T06:54:06.777Z [ERROR] ERR unknown command 'HELLO'
Error: ERR unknown command 'HELLO'
    at #decodeSimpleError (D:\Learn\01\surat_community\backend\new\node_modules\@redis\client\dist\lib\RESP\decoder.js:460:13)
    at #decodeTypeValue (D:\Learn\01\surat_community\backend\new\node_modules\@redis\client\dist\lib\RESP\decoder.js:105:91)
    at Decoder.write (D:\Learn\01\surat_community\backend\new\node_modules\@redis\client\dist\lib\RESP\decoder.js:75:38)
    at RedisSocket.<anonymous> (D:\Learn\01\surat_community\backend\new\node_modules\@redis\client\dist\lib\client\index.js:587:37)
    at RedisSocket.emit (node:events:524:28)
    at Socket.<anonymous> (D:\Learn\01\surat_community\backend\new\node_modules\@redis\client\dist\lib\client\socket.js:274:38)
    at Socket.emit (node:events:524:28)
    at addChunk (node:internal/streams/readable:561:12)
    at readableAddChunkPushByteMode (node:internal/streams/readable:512:3)
    at Readable.push (node:internal/streams/readable:392:5)
2026-07-05T06:54:06.792Z [WARN] Redis reconnecting
2026-07-05T06:54:06.794Z [INFO] Redis connected
2026-07-05T06:54:06.797Z [ERROR] ERR unknown command 'HELLO'
Error: ERR unknown command 'HELLO'
    at #decodeSimpleError (D:\Learn\01\surat_community\backend\new\node_modules\@redis\client\dist\lib\RESP\decoder.js:460:13)
    at #decodeTypeValue (D:\Learn\01\surat_community\backend\new\node_modules\@redis\client\dist\lib\RESP\decoder.js:105:91)
    at Decoder.write (D:\Learn\01\surat_community\backend\new\node_modules\@redis\client\dist\lib\RESP\decoder.js:75:38)
    at RedisSocket.<anonymous> (D:\Learn\01\surat_community\backend\new\node_modules\@redis\client\dist\lib\client\index.js:587:37)
    at RedisSocket.emit (node:events:524:28)
    at Socket.<anonymous> (D:\Learn\01\surat_community\backend\new\node_modules\@redis\client\dist\lib\client\socket.js:274:38)
    at Socket.emit (node:events:524:28)
    at addChunk (node:internal/streams/readable:561:12)
    at readableAddChunkPushByteMode (node:internal/streams/readable:512:3)
    at Readable.push (node:internal/streams/readable:392:5)
2026-07-05T06:54:06.902Z [WARN] Redis reconnecting
2026-07-05T06:54:06.908Z [INFO] Redis connected
2026-07-05T06:54:06.912Z [ERROR] ERR unknown command 'HELLO'
Error: ERR unknown command 'HELLO'
    at #decodeSimpleError (D:\Learn\01\surat_community\backend\new\node_modules\@redis\client\dist\lib\RESP\decoder.js:460:13)
    at #decodeTypeValue (D:\Learn\01\surat_community\backend\new\node_modules\@redis\client\dist\lib\RESP\decoder.js:105:91)
    at Decoder.write (D:\Learn\01\surat_community\backend\new\node_modules\@redis\client\dist\lib\RESP\decoder.js:75:38)
    at RedisSocket.<anonymous> (D:\Learn\01\surat_community\backend\new\node_modules\@redis\client\dist\lib\client\index.js:587:37)
    at RedisSocket.emit (node:events:524:28)
    at Socket.<anonymous> (D:\Learn\01\surat_community\backend\new\node_modules\@redis\client\dist\lib\client\socket.js:274:38)
    at Socket.emit (node:events:524:28)
    at addChunk (node:internal/streams/readable:561:12)
    at readableAddChunkPushByteMode (node:internal/streams/readable:512:3)
    at Readable.push (node:internal/streams/readable:392:5)
2026-07-05T06:54:07.121Z [WARN] Redis reconnecting
2026-07-05T06:54:07.123Z [INFO] Redis connected
2026-07-05T06:54:07.125Z [ERROR] ERR unknown command 'HELLO'
Error: ERR unknown command 'HELLO'
    at #decodeSimpleError (D:\Learn\01\surat_community\backend\new\node_modules\@redis\client\dist\lib\RESP\decoder.js:460:13)
    at #decodeTypeValue (D:\Learn\01\surat_community\backend\new\node_modules\@redis\client\dist\lib\RESP\decoder.js:105:91)
    at Decoder.write (D:\Learn\01\surat_community\backend\new\node_modules\@redis\client\dist\lib\RESP\decoder.js:75:38)
    at RedisSocket.<anonymous> (D:\Learn\01\surat_community\backend\new\node_modules\@redis\client\dist\lib\client\index.js:587:37)
    at RedisSocket.emit (node:events:524:28)
    at Socket.<anonymous> (D:\Learn\01\surat_community\backend\new\node_modules\@redis\client\dist\lib\client\socket.js:274:38)
    at Socket.emit (node:events:524:28)
    at addChunk (node:internal/streams/readable:561:12)
    at readableAddChunkPushByteMode (node:internal/streams/readable:512:3)
    at Readable.push (node:internal/streams/readable:392:5)
2026-07-05T06:54:07.436Z [WARN] Redis reconnecting
2026-07-05T06:54:07.440Z [INFO] Redis connected
2026-07-05T06:54:07.442Z [ERROR] ERR unknown command 'HELLO'
Error: ERR unknown command 'HELLO'
    at #decodeSimpleError (D:\Learn\01\surat_community\backend\new\node_modules\@redis\client\dist\lib\RESP\decoder.js:460:13)
    at #decodeTypeValue (D:\Learn\01\surat_community\backend\new\node_modules\@redis\client\dist\lib\RESP\decoder.js:105:91)
    at Decoder.write (D:\Learn\01\surat_community\backend\new\node_modules\@redis\client\dist\lib\RESP\decoder.js:75:38)
    at RedisSocket.<anonymous> (D:\Learn\01\surat_community\backend\new\node_modules\@redis\client\dist\lib\client\index.js:587:37)
    at RedisSocket.emit (node:events:524:28)
    at Socket.<anonymous> (D:\Learn\01\surat_community\backend\new\node_modules\@redis\client\dist\lib\client\socket.js:274:38)
    at Socket.emit (node:events:524:28)
    at addChunk (node:internal/streams/readable:561:12)
    at readableAddChunkPushByteMode (node:internal/streams/readable:512:3)
    at Readable.push (node:internal/streams/readable:392:5)
2026-07-05T06:54:07.848Z [WARN] Redis reconnecting
2026-07-05T06:54:07.850Z [INFO] Redis connected
2026-07-05T06:54:07.851Z [ERROR] ERR unknown command 'HELLO'
Error: ERR unknown command 'HELLO'
    at #decodeSimpleError (D:\Learn\01\surat_community\backend\new\node_modules\@redis\client\dist\lib\RESP\decoder.js:460:13)
    at #decodeTypeValue (D:\Learn\01\surat_community\backend\new\node_modules\@redis\client\dist\lib\RESP\decoder.js:105:91)
    at Decoder.write (D:\Learn\01\surat_community\backend\new\node_modules\@redis\client\dist\lib\RESP\decoder.js:75:38)
    at RedisSocket.<anonymous> (D:\Learn\01\surat_community\backend\new\node_modules\@redis\client\dist\lib\client\index.js:587:37)
    at RedisSocket.emit (node:events:524:28)
    at Socket.<anonymous> (D:\Learn\01\surat_community\backend\new\node_modules\@redis\client\dist\lib\client\socket.js:274:38)
    at Socket.emit (node:events:524:28)
    at addChunk (node:internal/streams/readable:561:12)
    at readableAddChunkPushByteMode (node:internal/streams/readable:512:3)
    at Readable.push (node:internal/streams/readable:392:5)
2026-07-05T06:56:17.604Z [ERROR] Socket closed unexpectedly
Error: Socket closed unexpectedly
    at Socket.<anonymous> (/app/node_modules/@redis/client/dist/lib/client/socket.js:271:33)
    at Object.onceWrapper (node:events:634:26)
    at Socket.emit (node:events:519:28)
    at TCP.<anonymous> (node:net:347:12)
2026-07-05T06:56:17.613Z [WARN] Redis reconnecting
2026-07-05T06:56:30.800Z [ERROR] 
AggregateError [ECONNREFUSED]: 
    at internalConnectMultiple (node:net:1135:18)
    at afterConnectMultiple (node:net:1716:7)
2026-07-05T06:56:30.803Z [WARN] Redis reconnecting
2026-07-05T06:56:30.837Z [ERROR] 
AggregateError [ECONNREFUSED]: 
    at internalConnectMultiple (node:net:1135:18)
    at afterConnectMultiple (node:net:1716:7)
2026-07-05T06:56:30.939Z [WARN] Redis reconnecting
2026-07-05T06:56:30.942Z [ERROR] 
AggregateError [ECONNREFUSED]: 
    at internalConnectMultiple (node:net:1135:18)
    at afterConnectMultiple (node:net:1716:7)
2026-07-05T06:56:31.144Z [WARN] Redis reconnecting
2026-07-05T06:56:31.148Z [ERROR] 
AggregateError [ECONNREFUSED]: 
    at internalConnectMultiple (node:net:1135:18)
    at afterConnectMultiple (node:net:1716:7)
2026-07-05T06:56:31.450Z [WARN] Redis reconnecting
2026-07-05T06:56:31.453Z [ERROR] 
AggregateError [ECONNREFUSED]: 
    at internalConnectMultiple (node:net:1135:18)
    at afterConnectMultiple (node:net:1716:7)
2026-07-05T06:56:31.854Z [WARN] Redis reconnecting
2026-07-05T06:56:31.858Z [ERROR] 
AggregateError [ECONNREFUSED]: 
    at internalConnectMultiple (node:net:1135:18)
    at afterConnectMultiple (node:net:1716:7)
2026-07-05T06:56:32.359Z [WARN] Redis reconnecting
2026-07-05T06:56:32.362Z [ERROR] 
AggregateError [ECONNREFUSED]: 
    at internalConnectMultiple (node:net:1135:18)
    at afterConnectMultiple (node:net:1716:7)
2026-07-05T06:56:32.964Z [WARN] Redis reconnecting
2026-07-05T06:56:32.967Z [ERROR] 
AggregateError [ECONNREFUSED]: 
    at internalConnectMultiple (node:net:1135:18)
    at afterConnectMultiple (node:net:1716:7)
2026-07-05T06:56:33.668Z [WARN] Redis reconnecting
2026-07-05T06:56:33.671Z [ERROR] 
AggregateError [ECONNREFUSED]: 
    at internalConnectMultiple (node:net:1135:18)
    at afterConnectMultiple (node:net:1716:7)
2026-07-05T06:56:34.473Z [WARN] Redis reconnecting
2026-07-05T06:56:34.476Z [ERROR] 
AggregateError [ECONNREFUSED]: 
    at internalConnectMultiple (node:net:1135:18)
    at afterConnectMultiple (node:net:1716:7)
2026-07-05T06:56:35.377Z [WARN] Redis reconnecting
2026-07-05T06:56:35.380Z [ERROR] 
AggregateError [ECONNREFUSED]: 
    at internalConnectMultiple (node:net:1135:18)
    at afterConnectMultiple (node:net:1716:7)
2026-07-05T06:56:36.383Z [WARN] Redis reconnecting
2026-07-05T06:56:36.385Z [ERROR] 
AggregateError [ECONNREFUSED]: 
    at internalConnectMultiple (node:net:1135:18)
    at afterConnectMultiple (node:net:1716:7)
2026-07-05T06:56:37.487Z [WARN] Redis reconnecting
2026-07-05T06:56:37.490Z [ERROR] 
AggregateError [ECONNREFUSED]: 
    at internalConnectMultiple (node:net:1135:18)
    at afterConnectMultiple (node:net:1716:7)
2026-07-05T06:56:38.692Z [WARN] Redis reconnecting
2026-07-05T06:56:38.694Z [ERROR] 
AggregateError [ECONNREFUSED]: 
    at internalConnectMultiple (node:net:1135:18)
    at afterConnectMultiple (node:net:1716:7)
2026-07-05T06:56:39.995Z [WARN] Redis reconnecting
2026-07-05T06:56:39.997Z [ERROR] 
AggregateError [ECONNREFUSED]: 
    at internalConnectMultiple (node:net:1135:18)
    at afterConnectMultiple (node:net:1716:7)
2026-07-05T06:56:41.400Z [WARN] Redis reconnecting
2026-07-05T06:56:41.401Z [ERROR] 
AggregateError [ECONNREFUSED]: 
    at internalConnectMultiple (node:net:1135:18)
    at afterConnectMultiple (node:net:1716:7)
2026-07-05T06:56:42.903Z [WARN] Redis reconnecting
2026-07-05T06:56:42.906Z [ERROR] 
AggregateError [ECONNREFUSED]: 
    at internalConnectMultiple (node:net:1135:18)
    at afterConnectMultiple (node:net:1716:7)
2026-07-05T06:56:44.508Z [WARN] Redis reconnecting
2026-07-05T06:56:44.511Z [ERROR] 
AggregateError [ECONNREFUSED]: 
    at internalConnectMultiple (node:net:1135:18)
    at afterConnectMultiple (node:net:1716:7)
2026-07-05T06:56:46.213Z [WARN] Redis reconnecting
2026-07-05T06:56:46.215Z [ERROR] 
AggregateError [ECONNREFUSED]: 
    at internalConnectMultiple (node:net:1135:18)
    at afterConnectMultiple (node:net:1716:7)
2026-07-05T06:56:48.017Z [WARN] Redis reconnecting
2026-07-05T06:56:48.020Z [ERROR] 
AggregateError [ECONNREFUSED]: 
    at internalConnectMultiple (node:net:1135:18)
    at afterConnectMultiple (node:net:1716:7)
2026-07-05T06:58:21.884Z [INFO] Redis connected
2026-07-05T06:58:24.525Z [INFO] Redis connected
2026-07-05T06:58:26.202Z [INFO] Database connected
2026-07-05T06:58:26.211Z [INFO] Server running on port 3000
2026-07-05T06:58:34.865Z [INFO] Redis connected
2026-07-05T06:58:37.496Z [INFO] Redis connected
2026-07-05T06:58:40.054Z [INFO] Redis connected
2026-07-05T06:58:42.747Z [INFO] Redis connected
2026-07-05T06:58:45.823Z [INFO] Redis connected
2026-07-05T06:58:48.823Z [INFO] Database connected
2026-07-05T06:58:48.831Z [INFO] Server running on port 3000
2026-07-05T07:00:43.439Z [ERROR] Socket closed unexpectedly
Error: Socket closed unexpectedly
    at Socket.<anonymous> (/app/node_modules/@redis/client/dist/lib/client/socket.js:271:33)
    at Object.onceWrapper (node:events:634:26)
    at Socket.emit (node:events:519:28)
    at TCP.<anonymous> (node:net:347:12)
2026-07-05T07:00:43.445Z [WARN] Redis reconnecting
2026-07-05T07:00:43.450Z [ERROR] connect ECONNREFUSED 172.19.0.2:6379
Error: connect ECONNREFUSED 172.19.0.2:6379
    at TCPConnectWrap.afterConnect [as oncomplete] (node:net:1638:16)
2026-07-05T07:00:43.453Z [WARN] Redis reconnecting
2026-07-05T07:00:49.260Z [INFO] Redis connected
2026-07-05T07:00:53.281Z [INFO] Redis connected
2026-07-05T07:00:57.522Z [INFO] Redis connected
2026-07-05T07:01:01.685Z [INFO] Redis connected
2026-07-05T07:01:06.350Z [INFO] Redis connected
2026-07-05T07:01:12.405Z [INFO] Redis connected
2026-07-05T07:01:20.275Z [INFO] Redis connected
2026-07-05T07:01:30.496Z [INFO] Redis connected
2026-07-05T07:01:47.201Z [INFO] Redis connected
2026-07-05T07:02:16.684Z [INFO] Redis connected
2026-07-05T07:03:11.831Z [INFO] Redis connected
2026-07-05T07:04:15.660Z [INFO] Redis connected
2026-07-05T07:04:50.616Z [INFO] Redis connected
2026-07-05T07:04:54.577Z [INFO] Redis connected
2026-07-05T07:04:58.388Z [INFO] Redis connected
2026-07-05T07:05:01.652Z [INFO] Database connected
2026-07-05T07:05:01.660Z [INFO] Server running on port 3000
2026-07-05T07:07:04.961Z [INFO] Redis connected
2026-07-05T07:07:09.395Z [INFO] Redis connected
2026-07-05T07:07:14.230Z [INFO] Redis connected
2026-07-05T07:07:16.871Z [INFO] Database connected
2026-07-05T07:07:16.878Z [INFO] Server running on port 3000
2026-07-05T07:09:17.481Z [INFO] Redis connected
2026-07-05T07:09:19.866Z [INFO] Database connected
2026-07-05T07:09:19.871Z [INFO] Server running on port 3000
2026-07-05T07:09:35.034Z [INFO] Redis connected
2026-07-05T07:09:35.054Z [ERROR] Failed to start server ENOENT: no such file or directory, open 'D:\Learn\01\surat_community\backend\new\lua\tokenBucket.lua'
Error: ENOENT: no such file or directory, open 'D:\Learn\01\surat_community\backend\new\lua\tokenBucket.lua'
    at async open (node:internal/fs/promises:638:25)
    at async Object.readFile (node:internal/fs/promises:1242:14)
    at async loadLuaScript (file:///D:/Learn/01/surat_community/backend/new/dist/config/rateLimiter.js:6:20)
    at async startServer (file:///D:/Learn/01/surat_community/backend/new/dist/index.js:20:9)
2026-07-05T07:09:39.389Z [INFO] Redis connected
2026-07-05T07:09:39.426Z [ERROR] Failed to start server ENOENT: no such file or directory, open 'D:\Learn\01\surat_community\backend\new\lua\tokenBucket.lua'
Error: ENOENT: no such file or directory, open 'D:\Learn\01\surat_community\backend\new\lua\tokenBucket.lua'
    at async open (node:internal/fs/promises:638:25)
    at async Object.readFile (node:internal/fs/promises:1242:14)
    at async loadLuaScript (file:///D:/Learn/01/surat_community/backend/new/dist/config/rateLimiter.js:6:20)
    at async startServer (file:///D:/Learn/01/surat_community/backend/new/dist/index.js:22:9)
2026-07-05T07:13:04.537Z [INFO] Redis connected
2026-07-05T07:13:04.549Z [ERROR] Failed to start server ENOENT: no such file or directory, open 'D:\Learn\01\surat_community\backend\new\lua\tokenBucket.lua'
Error: ENOENT: no such file or directory, open 'D:\Learn\01\surat_community\backend\new\lua\tokenBucket.lua'
    at async open (node:internal/fs/promises:638:25)
    at async Object.readFile (node:internal/fs/promises:1242:14)
    at async loadLuaScript (file:///D:/Learn/01/surat_community/backend/new/dist/config/rateLimiter.js:6:20)
    at async startServer (file:///D:/Learn/01/surat_community/backend/new/dist/index.js:22:9)
2026-07-05T07:13:09.940Z [INFO] Redis connected
2026-07-05T07:13:09.977Z [ERROR] Failed to start server ENOENT: no such file or directory, open 'D:\Learn\01\surat_community\backend\new\lua\tokenBucket.lua'
Error: ENOENT: no such file or directory, open 'D:\Learn\01\surat_community\backend\new\lua\tokenBucket.lua'
    at async open (node:internal/fs/promises:638:25)
    at async Object.readFile (node:internal/fs/promises:1242:14)
    at async loadLuaScript (file:///D:/Learn/01/surat_community/backend/new/dist/config/rateLimiter.js:6:20)
    at async startServer (file:///D:/Learn/01/surat_community/backend/new/dist/index.js:22:9)
2026-07-05T07:13:16.995Z [INFO] Redis connected
2026-07-05T07:13:17.033Z [ERROR] Failed to start server ENOENT: no such file or directory, open 'D:\Learn\01\surat_community\backend\new\lua\tokenBucket.lua'
Error: ENOENT: no such file or directory, open 'D:\Learn\01\surat_community\backend\new\lua\tokenBucket.lua'
    at async open (node:internal/fs/promises:638:25)
    at async Object.readFile (node:internal/fs/promises:1242:14)
    at async loadLuaScript (file:///D:/Learn/01/surat_community/backend/new/dist/config/rateLimiter.js:6:20)
    at async startServer (file:///D:/Learn/01/surat_community/backend/new/dist/index.js:22:9)
2026-07-05T07:13:32.151Z [INFO] Redis connected
2026-07-05T07:13:33.957Z [INFO] Database connected
2026-07-05T07:13:33.961Z [INFO] Server running on port 3000
2026-07-05T07:13:36.836Z [INFO] Redis connected
2026-07-05T07:13:39.179Z [INFO] Database connected
2026-07-05T07:13:39.183Z [INFO] Server running on port 3000
2026-07-05T07:17:12.409Z [HTTP] GET /api/v1 404 20.096 ms
2026-07-05T07:18:00.436Z [INFO] Redis connected
2026-07-05T07:18:02.588Z [INFO] Database connected
2026-07-05T07:18:02.593Z [INFO] Server running on port 3000
2026-07-05T07:18:35.080Z [INFO] Redis connected
2026-07-05T07:18:37.990Z [INFO] Database connected
2026-07-05T07:18:37.995Z [INFO] Server running on port 3000
2026-07-05T07:18:44.058Z [INFO] Redis connected
2026-07-05T07:18:45.499Z [INFO] Database connected
2026-07-05T07:18:45.505Z [INFO] Server running on port 3000
2026-07-05T07:18:46.867Z [INFO] Redis connected
2026-07-05T07:18:49.048Z [INFO] Database connected
2026-07-05T07:18:49.053Z [INFO] Server running on port 3000
2026-07-05T07:20:21.419Z [INFO] Redis connected
2026-07-05T07:20:24.173Z [INFO] Database connected
2026-07-05T07:20:24.177Z [INFO] Server running on port 3000
2026-07-05T07:20:38.341Z [HTTP] GET /api/v1/auth 404 7.781 ms
2026-07-05T07:21:03.319Z [HTTP] GET /api/v1/auth 404 33.737 ms
2026-07-05T07:21:28.936Z [HTTP] GET /api/v1/auth 404 40.598 ms
2026-07-05T07:23:45.557Z [HTTP] GET /api/v1/auth 404 33.986 ms
2026-07-05T07:24:00.111Z [INFO] Redis connected
2026-07-05T07:24:06.200Z [INFO] Database connected
2026-07-05T07:24:06.205Z [INFO] Server running on port 3000
2026-07-05T07:24:40.986Z [HTTP] GET /api/v1/auth 404 4.302 ms
2026-07-05T07:25:22.655Z [INFO] Redis connected
2026-07-05T07:25:24.539Z [INFO] Database connected
2026-07-05T07:25:24.548Z [INFO] Server running on port 3000
2026-07-05T07:26:00.949Z [INFO] Redis connected
2026-07-05T07:26:05.386Z [INFO] Redis connected
2026-07-05T07:26:07.625Z [INFO] Database connected
2026-07-05T07:26:07.629Z [INFO] Server running on port 3000
2026-07-05T07:26:10.602Z [HTTP] GET /api/v1/auth 404 19.248 ms
2026-07-05T07:26:12.604Z [HTTP] GET /api/v1/auth 404 33.874 ms
2026-07-05T07:26:17.481Z [HTTP] GET /api/v1/auth 404 36.012 ms
2026-07-05T07:27:22.094Z [INFO] authRouter loaded
2026-07-05T07:27:22.159Z [INFO] Redis connected
2026-07-05T07:27:24.121Z [INFO] Database connected
2026-07-05T07:27:24.125Z [INFO] Server running on port 3000
2026-07-05T07:27:32.517Z [HTTP] GET /api/v1/auth 404 5.696 ms
2026-07-05T07:27:52.106Z [INFO] authRouter loaded
2026-07-05T07:27:52.116Z [INFO] requestLogger
2026-07-05T07:27:52.168Z [INFO] Redis connected
2026-07-05T07:27:54.326Z [INFO] Database connected
2026-07-05T07:27:54.330Z [INFO] Server running on port 3000
2026-07-05T07:27:57.669Z [HTTP] GET /api/v1/auth 404 32.514 ms
2026-07-05T07:28:11.171Z [INFO] authRouter loaded
2026-07-05T07:28:11.176Z [INFO] requestLogger
2026-07-05T07:28:11.177Z [INFO] rateLimit
2026-07-05T07:28:11.218Z [INFO] Redis connected
2026-07-05T07:28:13.270Z [INFO] Database connected
2026-07-05T07:28:13.275Z [INFO] Server running on port 3000
2026-07-05T07:28:16.910Z [HTTP] GET /api/v1/auth 404 35.171 ms
2026-07-05T07:28:46.096Z [INFO] authRouter loaded
2026-07-05T07:28:46.100Z [INFO] requestLogger
2026-07-05T07:28:46.100Z [INFO] rateLimit
2026-07-05T07:28:46.129Z [INFO] Redis connected
2026-07-05T07:28:50.352Z [INFO] authRouter loaded
2026-07-05T07:28:50.357Z [INFO] requestLogger
2026-07-05T07:28:50.358Z [INFO] rateLimit
2026-07-05T07:28:50.397Z [INFO] Redis connected
2026-07-05T07:28:52.317Z [INFO] Database connected
2026-07-05T07:28:52.360Z [INFO] Server running on port 5000
2026-07-05T07:28:57.188Z [HTTP] GET /api/v1/auth 200 44.618 ms
2026-07-05T07:29:07.514Z [HTTP] GET /api/v1/auth 200 38.146 ms
2026-07-05T07:29:08.714Z [HTTP] GET /api/v1/auth 200 6.719 ms
2026-07-05T07:29:09.565Z [HTTP] GET /api/v1/auth 200 8.002 ms
2026-07-05T07:29:10.501Z [HTTP] GET /api/v1/auth 200 22.365 ms
2026-07-05T07:29:11.434Z [HTTP] GET /api/v1/auth 200 36.834 ms
2026-07-05T07:29:12.335Z [HTTP] GET /api/v1/auth 200 4.896 ms
2026-07-05T07:29:13.249Z [HTTP] GET /api/v1/auth 200 6.172 ms
2026-07-05T07:29:14.187Z [HTTP] GET /api/v1/auth 200 36.470 ms
2026-07-05T07:29:15.044Z [HTTP] GET /api/v1/auth 200 35.330 ms
2026-07-05T07:29:15.893Z [HTTP] GET /api/v1/auth 200 3.673 ms
2026-07-05T07:29:16.811Z [HTTP] GET /api/v1/auth 200 6.285 ms
2026-07-05T07:29:17.609Z [HTTP] GET /api/v1/auth 200 34.170 ms
2026-07-05T07:29:18.612Z [HTTP] GET /api/v1/auth 200 19.408 ms
2026-07-05T07:30:05.781Z [HTTP] GET /api/v1/auth 200 35.583 ms
2026-07-05T07:30:06.917Z [HTTP] GET /api/v1/auth 200 34.431 ms
2026-07-05T07:30:07.880Z [HTTP] GET /api/v1/auth 200 5.426 ms
2026-07-05T07:30:17.457Z [INFO] authRouter loaded
2026-07-05T07:30:17.463Z [INFO] requestLogger
2026-07-05T07:30:17.464Z [INFO] rateLimit
2026-07-05T07:30:17.495Z [INFO] Redis connected
2026-07-05T07:30:19.477Z [INFO] Database connected
2026-07-05T07:30:19.491Z [INFO] Server running on port 5000
2026-07-05T07:30:21.403Z [HTTP] GET /api/v1/auth 200 17.992 ms
2026-07-05T07:30:23.204Z [HTTP] GET /api/v1/auth 200 36.231 ms
2026-07-05T07:30:24.267Z [HTTP] GET /api/v1/auth 200 7.316 ms
2026-07-05T07:30:25.414Z [HTTP] GET /api/v1/auth 200 36.352 ms
2026-07-05T07:30:26.475Z [HTTP] GET /api/v1/auth 200 36.835 ms
2026-07-05T07:30:27.288Z [HTTP] GET /api/v1/auth 200 35.194 ms
2026-07-05T07:30:28.350Z [HTTP] GET /api/v1/auth 200 6.545 ms
2026-07-05T07:30:29.276Z [HTTP] GET /api/v1/auth 200 7.440 ms
2026-07-05T07:30:30.127Z [HTTP] GET /api/v1/auth 200 35.949 ms
2026-07-05T07:30:31.035Z [HTTP] GET /api/v1/auth 200 7.091 ms
2026-07-05T07:30:31.948Z [HTTP] GET /api/v1/auth 200 22.943 ms
2026-07-05T07:30:32.926Z [HTTP] GET /api/v1/auth 200 5.725 ms
2026-07-05T07:30:33.807Z [HTTP] GET /api/v1/auth 200 8.177 ms
2026-07-05T07:30:35.002Z [HTTP] GET /api/v1/auth 200 36.684 ms
2026-07-05T07:30:35.813Z [HTTP] GET /api/v1/auth 200 6.733 ms
2026-07-05T07:30:36.918Z [HTTP] GET /api/v1/auth 200 35.721 ms
2026-07-05T07:30:37.852Z [HTTP] GET /api/v1/auth 200 33.487 ms
2026-07-05T07:30:38.905Z [HTTP] GET /api/v1/auth 200 34.101 ms
2026-07-05T07:30:39.722Z [HTTP] GET /api/v1/auth 200 6.446 ms
2026-07-05T07:30:40.735Z [HTTP] GET /api/v1/auth 200 4.947 ms
2026-07-05T07:30:41.497Z [HTTP] GET /api/v1/auth 200 3.815 ms
2026-07-05T07:30:42.453Z [HTTP] GET /api/v1/auth 200 5.370 ms
2026-07-05T07:30:52.577Z [INFO] authRouter loaded
2026-07-05T07:30:52.583Z [INFO] requestLogger
2026-07-05T07:30:52.584Z [INFO] rateLimit
2026-07-05T07:30:52.649Z [INFO] Redis connected
2026-07-05T07:30:54.741Z [INFO] Database connected
2026-07-05T07:30:54.751Z [INFO] Server running on port 5000
2026-07-05T07:34:55.928Z [INFO] authRouter loaded
2026-07-05T07:34:55.934Z [INFO] requestLogger
2026-07-05T07:34:55.935Z [INFO] rateLimit
2026-07-05T07:34:55.962Z [INFO] Redis connected
